month,method,k_candidate,AVI,AVU,MQ,Q,k,min_cluster,max_cluster,SW,CH,CH_per_node,S_Dbw
2023-01,kmeans,3,0.8889194515572759,0.6666666666666665,0.015173821321649605,0.53831019887929,3,498,896,0.22578449604315684,663.1928810493469,0.3289647227427316,1.286443960851821
2023-03,kmeans,3,0.8935656578209166,0.6666666666666673,0.015561740152953564,0.5383662185736997,3,479,919,0.24456454007718265,652.3199549032,0.32357140620198416,1.353419515503175
2023-06,kmeans,3,0.8864779230463592,0.6666666666666662,0.01462337416266519,0.5468306300722898,3,563,806,0.24161904908366652,684.2577700999931,0.33941357643848863,1.1751127512316835
2023-01,ward,3,0.9085910621811378,0.6666666666666666,0.021496516851225323,0.5060930508130467,3,257,880,0.1687851213370531,536.8594927399648,0.2662993515575222,1.0114273769842823
2023-03,ward,3,0.9000295639688769,0.6666666666666673,0.02436212610849712,0.45518833955747906,3,194,1229,0.23854204413723892,558.6888769483461,0.2771274191212034,1.3679009058144476
2023-06,ward,3,0.9038006042121222,0.666666666666667,0.017175889815879263,0.5138047040803173,3,471,1070,0.16849898244662745,533.4860944128582,0.2646260388952669,1.4914551418114725
2023-01,spectral,3,0.9279224305897116,0.6666666666666666,0.04074529584048015,0.45278200424018333,3,113,1224,0.1693136506067838,489.9654465743949,0.24303841595952128,1.159949061188505
2023-03,spectral,3,0.9219986605287147,0.6666666666666654,0.03941947247767432,0.4692547570975066,3,111,1126,0.1679128813770959,478.86558719938023,0.2375325333330259,0.9311296505506219
2023-06,spectral,3,0.9381045454369752,0.6666666666666675,0.043931889431990355,0.4344038902983838,3,104,1325,0.18344734343532695,483.23947385070306,0.23970211996562651,1.2424799498991446
2023-01,graph_temporal,3,0.9097506606881555,0.666666666666667,0.01614471218926643,0.5524816353364117,3,461,924,0.22712760919902672,640.1243912884489,0.31752201948831793,1.2803250046136845
2023-03,graph_temporal,3,0.9150182940919019,0.666666666666667,0.0165930636322162,0.5543198104408867,3,441,929,0.2394708405705638,631.481490200954,0.31323486617110813,1.2643377498194681
2023-06,graph_temporal,3,0.910931426511013,0.6666666666666665,0.015543985285192494,0.5672885609621373,3,533,831,0.24207478498636462,659.1696228318941,0.32696905894439193,1.2511204234780393
2023-01,kmeans,4,0.858188452149425,0.597870457048945,0.01918894208648175,0.5995623528142912,4,401,685,0.22889865923321015,610.4369138708676,0.302796088229597,1.1884514456129842
2023-03,kmeans,4,0.8862091886909985,0.5530608838142559,0.02672452001687389,0.5887858102491592,4,163,737,0.2283502715645607,622.8697610404807,0.30896317511928606,0.9598694516637531
2023-06,kmeans,4,0.8662558484194262,0.5584886545781816,0.027074664938452574,0.5717436558696887,4,140,792,0.23047873457115514,628.8632872522347,0.31193615439098943,1.0253837300153226
2023-01,ward,4,0.8623939323139473,0.5418528280998685,0.023604467072952325,0.5596755163974969,4,257,879,0.1559733665422974,491.41935682279933,0.2437596015986108,0.9561903924639701
2023-03,ward,4,0.854098728764266,0.571640043856571,0.02567410145294435,0.5433553296874836,4,194,944,0.18147147242199224,496.3888739607844,0.2462246398615002,1.3995084788758108
2023-06,ward,4,0.8995814629853938,0.5160825420988036,0.030075976407642924,0.536956172762863,4,172,1070,0.1734473038277226,492.95759728609113,0.2445226177014341,0.9344224509526314
2023-01,spectral,4,0.9163098236432631,0.6772161445915472,0.04572673629105007,0.5451903243105891,4,102,952,0.16014974592821962,424.8832083253099,0.21075555968517357,1.1740060018055434
2023-03,spectral,4,0.8945591546342886,0.6047609555759814,0.0447565700200857,0.5324874846340624,4,89,1017,0.17163647604655902,436.3444354660537,0.21644069219546316,0.9208421559812479
2023-06,spectral,4,0.8986884437561342,0.6041633836838821,0.04352100164030966,0.539856929872792,4,95,975,0.16605360047140885,451.27509811464876,0.22384677485845672,1.065233099416448
2023-01,graph_temporal,4,0.875281908155579,0.592975435942062,0.01997000978552701,0.6145419889346792,4,390,695,0.2221573830782187,596.8815927826421,0.2960722186421836,1.1538489850567695
2023-03,graph_temporal,4,0.9075446027122256,0.5426793580540761,0.02911355630415076,0.6016177213063838,4,151,766,0.2232661631461885,611.6886131866279,0.3034169708267003,0.9768083583079248
2023-06,graph_temporal,4,0.8890010055210376,0.5558102884861411,0.035376049594965424,0.5650543859817174,4,99,943,0.22829462254661828,597.471474566026,0.29636481873314785,1.1312959545913208
2023-01,kmeans,5,0.8305244196962953,0.5407479787723208,0.027861816509490656,0.6135827248267455,5,135,602,0.2195096756635914,559.0814346857406,0.2773221402211015,
2023-03,kmeans,5,0.8603135812178436,0.5172256297701987,0.030294947673369443,0.633749972126812,5,134,538,0.23278720876235098,586.6743700660999,0.29100911213596226,0.9841379441266773
2023-06,kmeans,5,0.8428375390870555,0.5319775732429561,0.03075562368099754,0.6214820205692753,5,114,563,0.23466829515074306,591.7178142224202,0.2935108205468354,0.9827894369145371
2023-01,ward,5,0.8210379556125297,0.4897857116880873,0.0405028558670631,0.5715550588965642,5,59,820,0.16910535615197608,447.68181798244825,0.2220643938405001,0.9108793287556967
2023-03,ward,5,0.8289122157635458,0.5464753803090796,0.02624507388806909,0.6050127660860742,5,194,593,0.17880027555485692,460.7705025927211,0.2285567969209926,1.2330157038626952
2023-06,ward,5,0.8548367775273397,0.4574783168472118,0.02927843445725642,0.6079626467479737,5,172,713,0.15793757782697418,458.3554307472482,0.22735884461669056,0.9484517090319236
2023-01,spectral,5,0.8778913294432045,0.5847796709447143,0.04259756051260421,0.6056137141053413,5,99,748,0.16023959201654875,431.07885804955146,0.2138287986356902,0.7162976848542184
2023-03,spectral,5,0.8845933113183599,0.5685317979124979,0.04833685319089164,0.5918743301696946,5,81,820,0.16515373527742375,449.5354109517524,0.22298383479749623,0.9035992577853473
2023-06,spectral,5,0.8827915182897265,0.5793610632001113,0.047883469933524644,0.5870776410966098,5,85,772,0.14049075457143534,426.5515467513768,0.21158310850762738,0.6705490557136378
2023-01,graph_temporal,5,0.8482718189686947,0.537908319290706,0.03321048250407012,0.6187769654768919,5,101,687,0.22127924638353935,537.4267848198388,0.26658074643841206,
2023-03,graph_temporal,5,0.8766128323461917,0.5178010965395825,0.030650814946491172,0.6489609849895663,5,142,545,0.2258907296174199,573.0457924591052,0.2842489049896355,0.9778502516905255
2023-06,graph_temporal,5,0.8629977506852267,0.5342916094057925,0.034385820658887345,0.6406233717877348,5,96,551,0.23018615932754183,570.9134974669955,0.2831912189816446,1.0301500322134638
2023-01,kmeans,6,0.8001982455678794,0.5280622277233116,0.032121966474330924,0.6241234846578501,6,113,502,0.22031697920227902,509.83441809550504,0.2528940565949926,
2023-03,kmeans,6,0.8267024595340677,0.5039090318041705,0.03189285005590603,0.6406280822121965,6,133,406,0.20734667493542383,537.0727246321895,0.2664051213453321,1.310851643873196
2023-06,kmeans,6,0.8236897248474402,0.5267052206595909,0.033065868037313755,0.6406596112449778,6,111,426,0.2106251488297007,554.6532939767033,0.27512564185352345,0.7449912646793762
2023-01,ward,6,0.7938672435534958,0.5062230618045379,0.0386515527347791,0.6111711125538701,6,59,526,0.14108553966642512,420.560059699651,0.20861114072403322,
2023-03,ward,6,0.8324371122801705,0.4899412403179479,0.0312077783522642,0.6389602235396105,6,194,545,0.14439083579318074,440.89552425076954,0.21869817671169123,
2023-06,ward,6,0.8337333550935858,0.42587531130585127,0.05344703474082279,0.6069436286138116,6,46,713,0.16386089318180996,422.40748835573027,0.20952752398597732,
2023-01,spectral,6,0.8474100329200743,0.5816532772832564,0.04603548593403684,0.624870360668239,6,89,635,0.1308396095422486,381.4215648203821,0.18919720477201493,
2023-03,spectral,6,0.8765366954834967,0.520112792143773,0.04962857103735222,0.641454407823557,6,81,579,0.15816843650185144,437.26279213274904,0.21689622625632393,0.9766098171346915
2023-06,spectral,6,0.868742800887918,0.5600806832389679,0.049970474152191635,0.6472259123985556,6,72,564,0.1512298576987629,427.64175123809935,0.212123884542708,
2023-01,graph_temporal,6,0.8221612890785391,0.5290645796666119,0.03641658495726921,0.6382368934319088,6,101,558,0.22146615231988154,491.50287744530203,0.24380103047882046,
2023-03,graph_temporal,6,0.8566261674917621,0.48732070584936577,0.03290089522450299,0.6676054230997891,6,146,455,0.19597485274394694,518.0550773231131,0.256971764545195,1.134898556770866
2023-06,graph_temporal,6,0.8500881418055046,0.5212988630729312,0.0360323883971748,0.6652478941950993,6,100,454,0.2018613562947443,534.7130010594364,0.2652346235413871,0.751626950556399
2023-01,kmeans,7,0.7937761463727329,0.5114988614694204,0.03683014565933476,0.6344364061318696,7,116,472,0.19622658333606421,476.9210076896924,0.23656796016353787,
2023-03,kmeans,7,0.8088811567269735,0.5104469508704572,0.043874100204592564,0.6448034969341685,7,88,422,0.2067631414791315,499.67705182939056,0.24785568047092785,
2023-06,kmeans,7,0.8102549015786137,0.4905519761045894,0.05159728272787902,0.6457293779846236,7,49,409,0.21791176352830444,515.062290422689,0.25548724723347666,
2023-01,ward,7,0.7743701899276202,0.4824840214749693,0.055834729226618265,0.6104475124431279,7,42,526,0.14723860186556076,389.43880267602685,0.1931740092639022,
2023-03,ward,7,0.80468873451492,0.5007621742978926,0.04452443276347854,0.6330405989263419,7,76,545,0.15182773261763463,419.63995295211544,0.20815473856751757,
2023-06,ward,7,0.809702443247845,0.4492987677831822,0.05072838269467689,0.6396821080555519,7,46,475,0.15988355438453142,401.78378970015945,0.19929751473222196,
2023-01,spectral,7,0.8313982234874341,0.5696051891809996,0.07099378540085824,0.6188042371316509,7,44,684,0.114341432384907,317.9086117732359,0.1576927637764067,
2023-03,spectral,7,0.8553807466842208,0.49852311228384355,0.05015118922620052,0.6661300355630408,7,81,463,0.15320334055671053,425.2516137836623,0.21093830048792775,0.7399326984761665
2023-06,spectral,7,0.8598800937562971,0.5305259025075912,0.053480722071397736,0.6706982977275443,7,70,484,0.16430582370913158,437.86502112796046,0.2171949509563296,
2023-01,graph_temporal,7,0.8271818378542903,0.4875438759323659,0.04299161505367108,0.6527839648324211,7,98,611,0.19041931479385762,452.852358117818,0.22462914589177482,
2023-03,graph_temporal,7,0.8337906426389889,0.5001958519679379,0.04471925422867885,0.6664628617652761,7,93,467,0.1983499700566195,482.80095419049843,0.23948460029290597,
2023-06,graph_temporal,7,0.8374498222639647,0.48976176597109605,0.06081938103485611,0.6715787921571551,7,38,452,0.21046111545292864,496.476726645506,0.24626821758209624,
