sample,n,month,switch_rate,ARI_previous
all,2016,2023-02,0.15128968253968253,0.7145836717429832
all,2016,2023-03,0.06746031746031746,0.8366395030559421
all,2016,2023-04,0.09077380952380952,0.783542155350081
all,2016,2023-05,0.09523809523809523,0.787457190817653
all,2016,2023-06,0.07886904761904762,0.8040830125634315
all,2016,2023-07,0.09077380952380952,0.7805106985312564
all,2016,2023-08,0.09077380952380952,0.7705713256230493
all,2016,2023-09,0.09275793650793651,0.7867430840416438
all,2016,2023-10,0.08134920634920635,0.8153565834639827
all,2016,2023-11,0.08531746031746032,0.8142289133649655
all,2016,2023-12,0.08978174603174603,0.8011001585231488
all,2016,2024-01,0.1423611111111111,0.71299054265824
all,2016,2024-02,0.07589285714285714,0.8278573207024919
all,2016,2024-03,0.0763888888888889,0.820816383528642
all,2016,2024-04,0.15873015873015872,0.6782081094491685
all,2016,2024-05,0.0873015873015873,0.781051344373853
all,2016,2024-06,0.12748015873015872,0.6926413254844057
all,2016,2024-07,0.09523809523809523,0.7646608611047612
all,2016,2024-08,0.0798611111111111,0.7869760481702591
all,2016,2024-09,0.09821428571428571,0.7542607085366633
all,2016,2024-10,0.08382936507936507,0.7782038700127683
all,2016,2024-11,0.07490079365079365,0.8142004666983442
all,2016,2024-12,0.07936507936507936,0.7966062872343929
single_dictionary_version,1833,2023-02,0.14238952536824878,0.7374568440005144
single_dictionary_version,1833,2023-03,0.06382978723404255,0.84690068788727
single_dictionary_version,1833,2023-04,0.088379705400982,0.7931485671073848
single_dictionary_version,1833,2023-05,0.09547190398254228,0.7902801710264169
single_dictionary_version,1833,2023-06,0.07474086197490452,0.8178536945792361
single_dictionary_version,1833,2023-07,0.09001636661211129,0.7843987196556407
single_dictionary_version,1833,2023-08,0.09219858156028368,0.7686907543161465
single_dictionary_version,1833,2023-09,0.088379705400982,0.8006109486155488
single_dictionary_version,1833,2023-10,0.07746863066012002,0.8286892526359199
single_dictionary_version,1833,2023-11,0.08292416803055101,0.8248014431140378
single_dictionary_version,1833,2023-12,0.0872885979268958,0.8099739934164991
single_dictionary_version,1833,2024-01,0.13747954173486088,0.7274031066448876
single_dictionary_version,1833,2024-02,0.07092198581560284,0.8451957042262523
single_dictionary_version,1833,2024-03,0.07528641571194762,0.8281847311693501
single_dictionary_version,1833,2024-04,0.1625750136388434,0.6698867057753618
single_dictionary_version,1833,2024-05,0.0812875068194217,0.79752417222177
single_dictionary_version,1833,2024-06,0.1336606655755592,0.6843117267716085
single_dictionary_version,1833,2024-07,0.09438079650845609,0.7688082195232895
single_dictionary_version,1833,2024-08,0.07855973813420622,0.7948184701508741
single_dictionary_version,1833,2024-09,0.09328968903436989,0.772691098566666
single_dictionary_version,1833,2024-10,0.07855973813420622,0.7959895757579083
single_dictionary_version,1833,2024-11,0.07474086197490452,0.818869381453991
single_dictionary_version,1833,2024-12,0.07746863066012002,0.8042612610036298
