territory_id,valid_months
64,17
85,12
86,12
87,12
88,12
89,12
90,12
91,12
92,12
93,12
94,12
95,12
96,12
97,12
98,12
99,12
100,11
101,12
102,12
103,12
104,12
105,12
106,12
107,12
108,12
109,8
111,12
113,12
114,12
116,6
121,1
140,6
142,2
143,5
145,2
158,12
160,12
172,1
174,18
176,21
177,12
178,5
179,21
183,7
186,21
187,3
189,12
190,18
192,22
193,22
197,21
200,22
202,17
286,12
291,19
299,3
310,8
311,23
313,15
315,22
322,22
328,22
344,10
350,1
353,17
389,23
394,3
406,1
409,21
415,2
417,8
426,10
439,3
461,12
462,6
466,4
469,3
474,2
483,22
500,20
514,21
526,1
573,12
576,12
577,12
590,12
597,12
611,22
620,5
681,18
688,4
700,3
709,15
724,21
850,10
858,19
862,12
863,12
864,12
865,12
866,12
867,12
868,12
887,12
910,12
921,11
997,4
1022,4
1043,12
1162,3
1177,3
1182,23
1183,20
1216,23
1245,18
1247,19
1332,23
1342,23
1354,13
1424,10
1432,16
1433,9
1434,22
1435,23
1436,19
1437,22
1471,12
1487,12
1576,9
1684,8
1695,10
1713,19
1716,3
1720,6
1721,12
1723,10
1729,3
1763,20
1767,18
1772,3
1779,7
1789,22
1847,12
1882,12
1913,3
1964,17
2016,16
2020,18
2026,14
2029,16
2038,3
2083,17
2086,16
2092,8
2099,19
2166,14
2170,17
2209,11
2214,4
2261,3
2263,7
2273,21
2291,13
2346,12
2347,12
2394,18
2397,17
2448,1
2594,10
2603,10
3008,12
3010,12
3014,10
3101,10
