month,edges,components,isolated,largest_component,mean_degree
2023-01,27878,1,0,2016,27.65674603174603
2023-02,27719,1,0,2016,27.499007936507937
2023-03,27707,1,0,2016,27.487103174603174
2023-04,27829,1,0,2016,27.60813492063492
2023-05,27875,1,0,2016,27.653769841269842
2023-06,27900,1,0,2016,27.678571428571427
2023-07,27804,1,0,2016,27.583333333333332
2023-08,27695,1,0,2016,27.47519841269841
2023-09,27843,1,0,2016,27.62202380952381
2023-10,27784,1,0,2016,27.563492063492063
2023-11,27818,1,0,2016,27.59722222222222
2023-12,27792,1,0,2016,27.571428571428573
2024-01,27944,1,0,2016,27.72222222222222
2024-02,27728,1,0,2016,27.50793650793651
2024-03,27726,1,0,2016,27.50595238095238
2024-04,27926,1,0,2016,27.70436507936508
2024-05,27908,1,0,2016,27.686507936507937
2024-06,27784,1,0,2016,27.563492063492063
2024-07,27661,1,0,2016,27.441468253968253
2024-08,27797,1,0,2016,27.57638888888889
2024-09,27928,1,0,2016,27.706349206349206
2024-10,27747,1,0,2016,27.526785714285715
2024-11,27757,1,0,2016,27.536706349206348
2024-12,27643,1,0,2016,27.42361111111111
