AVI,AVU,MQ,Q,k,min_cluster,max_cluster,SW,CH,CH_per_node,S_Dbw,month,method,phase,ARI_previous,switch_rate
0.8305244196962953,0.5407479787723207,0.02786181650949065,0.6135827248267456,5,135,602,0.2195096756635914,559.0814346857408,0.2773221402211016,,2023-01,kmeans,calibration,,
0.8210379556125297,0.4897857116880873,0.04050285586706309,0.5715550588965641,5,59,820,0.16910535615197608,447.68181798244825,0.2220643938405001,0.9108793287556965,2023-01,ward,calibration,,
0.8778913294432046,0.5847796709447145,0.04259756051260421,0.6056137141053413,5,99,748,0.16023959201654875,431.0788580495515,0.21382879863569024,0.7162976848542184,2023-01,spectral,calibration,,
0.8482718189686945,0.5379083192907059,0.03321048250407012,0.6187769654768919,5,101,687,0.22127924638353935,537.4267848198388,0.26658074643841206,,2023-01,graph_temporal,calibration,,
0.8494615887363469,0.5282544283954934,0.030097024998066726,0.6211898234019935,5,128,577,0.22410266351313984,559.3282551064033,0.2774445709853191,0.9454252534143976,2023-02,kmeans,calibration,0.5773744468819436,0.22073412698412698
0.8327057161191753,0.47620322768757256,0.03676782837248719,0.5811019658599861,5,85,712,0.15118195243164506,446.51062915366924,0.221483447000828,1.0441223538035116,2023-02,ward,calibration,0.4220345085895626,0.2876984126984127
0.8752542338049993,0.563855216049468,0.0482366124312698,0.5964416626426775,5,76,778,0.15997166375041416,419.5799566151906,0.20812497847975725,0.9445309307052474,2023-02,spectral,calibration,0.5522751951808981,0.20386904761904762
0.8656977302772338,0.5209602846296534,0.03209781154212955,0.6268457442255432,5,131,692,0.21935418119323496,533.9572394303266,0.264859741780916,0.9427375179753397,2023-02,graph_temporal,calibration,0.7145836717429832,0.15128968253968253
0.8603135812178436,0.5172256297701988,0.030294947673369443,0.6337499721268118,5,134,538,0.23278720876235098,586.6743700660999,0.29100911213596226,0.9841379441266773,2023-03,kmeans,calibration,0.7559035104278172,0.10168650793650794
0.8289122157635458,0.5464753803090798,0.026245073888069098,0.6050127660860742,5,194,593,0.17880027555485692,460.77050259272113,0.22855679692099262,1.2330157038626952,2023-03,ward,calibration,0.2966826513340931,0.41617063492063494
0.8845933113183599,0.568531797912498,0.04833685319089165,0.5918743301696946,5,81,820,0.16515373527742375,449.5354109517524,0.22298383479749623,0.9035992577853474,2023-03,spectral,calibration,0.7564626543469938,0.09722222222222222
0.8751143806498825,0.5148431610847317,0.03176506568759663,0.6373438011774688,5,144,660,0.22448240154971302,558.7003540109022,0.27713311210858244,0.8259604041037873,2023-03,graph_temporal,calibration,0.8366395030559421,0.06746031746031746
0.8412949908143321,0.5123928258082071,0.03100657340381287,0.6187782932816498,5,112,545,0.2404878111342642,592.9096792988125,0.29410202346171255,1.180898045583648,2023-04,kmeans,calibration,0.6478484625654807,0.1552579365079365
0.8384538524265907,0.4911937111413227,0.03689989942456999,0.5916680040208183,5,89,712,0.17865444157357507,467.71912514359514,0.2320035342974182,1.1921347794572918,2023-04,ward,calibration,0.33601282089096407,0.37450396825396826
0.8778088774673478,0.5469272045233466,0.04220234159776446,0.6131898265483368,5,90,688,0.16303101117295266,469.7708696152893,0.23302126469012366,0.7832082057270384,2023-04,spectral,calibration,0.5914214986588082,0.16865079365079366
0.856489533556247,0.5103877843202198,0.0302260764622469,0.6248923301946236,5,139,653,0.2280647816746609,557.3742531144721,0.276475323965512,,2023-04,graph_temporal,calibration,0.783542155350081,0.09077380952380952
0.8421493230395534,0.5317627866455477,0.03153396868128803,0.621082918241168,5,107,565,0.2352836001191152,585.8711975243529,0.2906107130577147,0.901498822244856,2023-05,kmeans,calibration,0.5792280703967104,0.20287698412698413
0.8306095080152905,0.48625496651001265,0.03397873981986789,0.5960840696630724,5,92,647,0.20551712620787782,487.0298141509388,0.24158224908280695,1.0270825862230626,2023-05,ward,calibration,0.45368473659717407,0.2757936507936508
0.8683471305717945,0.5548156403584691,0.04481452505567185,0.5902998203875394,5,84,745,0.13912868850284646,414.2884664384896,0.2055002313682984,,2023-05,spectral,calibration,0.5730427148383829,0.1810515873015873
0.8573144032136447,0.523865724117494,0.031941648528797856,0.631513506435238,5,113,629,0.22994381856066307,562.6015568964535,0.27906823258752655,0.8613231299461368,2023-05,graph_temporal,calibration,0.787457190817653,0.09523809523809523
0.8428375390870555,0.5319775732429561,0.030755623680997532,0.6214820205692753,5,114,563,0.23466829515074306,591.7178142224202,0.2935108205468354,0.9827894369145369,2023-06,kmeans,calibration,0.6706500661314471,0.14831349206349206
0.8548367775273397,0.4574783168472118,0.02927843445725642,0.6079626467479738,5,172,713,0.15793757782697418,458.35543074724814,0.22735884461669054,0.9484517090319236,2023-06,ward,calibration,0.27278542455966837,0.4201388888888889
0.8827915182897265,0.5793610632001107,0.047883469933524644,0.5870776410966098,5,85,772,0.14049075457143534,426.5515467513768,0.21158310850762738,0.6705490557136378,2023-06,spectral,calibration,0.6014637016435974,0.16220238095238096
0.8560237506551868,0.5186960078561802,0.032937886192217686,0.6270871153021342,5,107,650,0.22396548603943056,556.0215998245108,0.27580436499231686,1.0150836154938454,2023-06,graph_temporal,calibration,0.8040830125634315,0.07886904761904762
0.8480603850659005,0.52107946697615,0.03050988541069725,0.624451006071737,5,125,549,0.2342436158506797,604.5290770031133,0.29986561359281416,1.0097615861734082,2023-07,kmeans,evaluation,0.661177515338277,0.15575396825396826
0.8170614463145721,0.5087628204369053,0.039351880266593475,0.550516866866253,5,81,861,0.1758929960623674,457.5376630843144,0.2269532058949972,,2023-07,ward,evaluation,0.2156484276601403,0.4851190476190476
0.8937617842382638,0.5659376923925806,0.052273161927879154,0.5751948702102688,5,80,836,0.1441530510205068,438.3204158189634,0.21742084118004137,0.6983641854945136,2023-07,spectral,evaluation,0.6684322395976152,0.12103174603174603
0.8586940975434147,0.5068872089838907,0.03339121025725837,0.6204323036416616,5,115,724,0.22644774854245786,570.3307943964523,0.28290217976014503,1.0602615361350527,2023-07,graph_temporal,evaluation,0.7805106985312564,0.09077380952380952
0.8461678496596914,0.5388696531638961,0.0295794955379045,0.6273508684061269,5,131,541,0.23547021600131282,603.1830875961605,0.2991979601171431,0.9506971845049166,2023-08,kmeans,evaluation,0.691726408061722,0.13640873015873015
0.850508075320556,0.5336498962626586,0.040070845672280545,0.5775930485428473,5,77,895,0.14935083074101432,460.07394956899105,0.2282112845084281,0.9476105224366306,2023-08,ward,evaluation,0.2612905663885392,0.4836309523809524
0.8966877479239201,0.5365080665611053,0.05632587255770482,0.5704123452493811,5,66,924,0.14128658643333467,435.1168871274887,0.2158317892497464,0.6349691778927017,2023-08,spectral,evaluation,0.7317795088405104,0.09623015873015874
0.8605296547875694,0.5295158464117229,0.03202636687316469,0.6304430152513003,5,123,659,0.23246835252777467,581.4136300148232,0.2883996180629083,0.9104282208736441,2023-08,graph_temporal,evaluation,0.7705713256230493,0.09077380952380952
0.8500034484913247,0.5288492676325417,0.03059268610223988,0.6277014868034979,5,126,541,0.24472297091242215,628.2924812920652,0.31165301651392124,1.05981265588469,2023-09,kmeans,evaluation,0.7275642070663808,0.12301587301587301
0.8431219603983374,0.5154231178965665,0.02847509087462305,0.6040536040584441,5,166,565,0.15000386878162936,497.7852513710759,0.2469172873864464,0.8210319375920438,2023-09,ward,evaluation,0.3341117791430695,0.3943452380952381
0.8678992522810685,0.5636999680708954,0.04750321899467896,0.5824928869422755,5,75,732,0.1462861655346101,443.3785181449196,0.21992982050839266,0.9634595976765223,2023-09,spectral,evaluation,0.4870313277037734,0.20932539682539683
0.8681268931910451,0.5350433705487732,0.03133602986153609,0.637686666034712,5,136,634,0.24122477026592937,611.0106289721366,0.30308066913300424,0.9937998226144449,2023-09,graph_temporal,evaluation,0.7867430840416438,0.09275793650793651
0.8372472113564603,0.5231961842452584,0.032358556449029865,0.621020471779448,5,96,552,0.24474592666936332,621.0191031162203,0.3080451900378077,1.2263785940181147,2023-10,kmeans,evaluation,0.7129557191800425,0.13343253968253968
0.809827906652121,0.48475987362622386,0.058341473900883484,0.5770962034474663,5,37,586,0.20169447434820625,475.84470507729714,0.23603407989945294,1.0264125464695883,2023-10,ward,evaluation,0.287551597757644,0.4712301587301587
0.8614219489903812,0.5783191606866163,0.0422036826551847,0.6013416089979627,5,87,645,0.1197179260476012,408.74329397875096,0.2027496497910471,0.9564371660436894,2023-10,spectral,evaluation,0.455360281368565,0.3318452380952381
0.8566322194081568,0.5225123958468941,0.030477862349279333,0.6292359877905527,5,130,651,0.23566411922228114,593.3598049430532,0.2943253000709589,1.31225727256763,2023-10,graph_temporal,evaluation,0.8153565834639827,0.08134920634920635
0.8372503983972728,0.535825322131091,0.03006324246520413,0.6240146082653975,5,113,509,0.24740167818200584,623.4819219211619,0.3092668263497827,0.9748826484451076,2023-11,kmeans,evaluation,0.6414493195846931,0.1701388888888889
0.821644027451166,0.5403810269877853,0.027768480975607145,0.6022046274677335,5,142,607,0.21303354594145277,521.7813545121296,0.2588201163254611,1.1459987376464333,2023-11,ward,evaluation,0.44356525078345027,0.29910714285714285
0.8868311958535537,0.5652799701441389,0.04775049410005355,0.6218083896534018,5,74,629,0.1610636853262205,491.69461603704474,0.24389613890726425,0.8937823214078486,2023-11,spectral,evaluation,0.5561393428866328,0.19940476190476192
0.849134655712201,0.5362279903183694,0.03157346698548783,0.6282487221171267,5,113,638,0.24241381719532057,595.0195505115597,0.29514858656327364,1.0767205987592758,2023-11,graph_temporal,evaluation,0.8142289133649655,0.08531746031746032
0.8495040058395098,0.5135538206202499,0.03031478329300194,0.6287994988085179,5,126,542,0.25156813829271096,638.3552575556806,0.3166444729938892,1.2278769739671567,2023-12,kmeans,evaluation,0.7156566360136154,0.12896825396825398
0.8260524043109669,0.511008433988186,0.0350257195537735,0.597979025961517,5,87,652,0.21595625509009161,527.3204421895875,0.2615676796575335,1.0905367968190627,2023-12,ward,evaluation,0.5081565490638227,0.25992063492063494
0.890802681410773,0.5362787682560732,0.04967234119155134,0.5928500689130316,5,76,859,0.15787936405890649,488.6794780195872,0.2424005347319381,0.744212481520089,2023-12,spectral,evaluation,0.4542778766754909,0.31646825396825395
0.8687630471718213,0.5079694104952546,0.032342691865651016,0.639915201536131,5,126,621,0.24822632013725102,614.0500162367772,0.3045883017047506,1.163401639181961,2023-12,graph_temporal,evaluation,0.8011001585231488,0.08978174603174603
0.8322020331695198,0.5557437451800616,0.025668036037626917,0.6271133480451048,5,167,482,0.226728618994509,644.7620955448563,0.3198224680282025,0.994158951654406,2024-01,kmeans,evaluation,0.4773580906883232,0.2802579365079365
0.8634396023822823,0.5477513566510449,0.02962645527146205,0.6220013190797311,5,190,775,0.17920402161261678,547.8575586067419,0.2717547413723918,0.6913923061350353,2024-01,ward,evaluation,0.3319116603501581,0.4871031746031746
0.8956204126075447,0.5503696956930121,0.05361492975992226,0.6184821657134392,5,68,724,0.17294087092935248,510.2868167856072,0.25311846070714644,1.3728902854007576,2024-01,spectral,evaluation,0.39544207942001036,0.36259920634920634
0.8407553660332894,0.5272049274751668,0.04098250698348794,0.621031655376066,5,63,657,0.24714678673361196,600.7856712488846,0.29800876550043875,1.1769225394117662,2024-01,graph_temporal,evaluation,0.71299054265824,0.1423611111111111
0.8392618053092304,0.5394185402823213,0.030830656135885832,0.6246128044475593,5,105,522,0.24864439468393934,641.6616956322249,0.3182845712461433,1.2248083705330552,2024-02,kmeans,evaluation,0.6023871642694342,0.20188492063492064
0.8403768422254222,0.565772241891073,0.036474643344033456,0.5811363946465047,5,94,847,0.1883431878792578,514.1809359328234,0.25505006742699576,0.7677232536845942,2024-02,ward,evaluation,0.4992988983195376,0.2524801587301587
0.8909053941340697,0.5822007629554153,0.051923115660350815,0.6189694219196858,5,70,655,0.16911016190659792,502.59305376756276,0.24930211000375138,1.126730950611074,2024-02,spectral,evaluation,0.7156697035691629,0.10962301587301587
0.8439910778448934,0.5379606439529674,0.03785838711583197,0.6179225395236885,5,80,651,0.24980510599423306,598.9513076325035,0.2970988629129481,1.2516343126294702,2024-02,graph_temporal,evaluation,0.8278573207024919,0.07589285714285714
0.8446350196938053,0.5258752355963787,0.030381353968341948,0.6256314911359,5,113,512,0.2424396860198724,658.2641132338232,0.3265198974374123,1.0735085060974108,2024-03,kmeans,evaluation,0.6713531391511237,0.1453373015873016
0.8383986127294577,0.5323525085494076,0.025934971002653316,0.6188524920927234,5,243,565,0.1650882607184662,534.3942189038781,0.2650764974721618,0.9660377196051368,2024-03,ward,evaluation,0.42148612739358,0.3318452380952381
0.8967310110616996,0.5739502399905476,0.05211864680595545,0.6280059881576819,5,69,664,0.1642633090642439,525.2923383022954,0.26056167574518624,0.9760677481630526,2024-03,spectral,evaluation,0.6499891176457212,0.1423611111111111
0.8494106604799796,0.5444982820051539,0.03636710676876525,0.6181973156965708,5,93,661,0.25390966030729234,625.0936764597378,0.3100663077677271,1.0043074397424656,2024-03,graph_temporal,evaluation,0.820816383528642,0.0763888888888889
0.8410624247461019,0.5406666511058923,0.025949061556110594,0.6303572297990778,5,172,499,0.22832588945596693,662.5672225331268,0.32865437625651134,0.7904606534613662,2024-04,kmeans,evaluation,0.5574110469257636,0.2177579365079365
0.8301637996014806,0.4925662449399237,0.03577660370524593,0.5775749840749037,5,94,866,0.1725789797629425,523.7563362273763,0.25979976995405574,0.8745037792560094,2024-04,ward,evaluation,0.3304993641452657,0.4469246031746032
0.8915367659344998,0.5740535941886313,0.052870473915106936,0.6206220908025736,5,69,651,0.17846696595918682,529.537087239078,0.2626672059717649,0.710400554736162,2024-04,spectral,evaluation,0.6304026716398391,0.15079365079365079
0.8505067446413881,0.5261265825848338,0.0407733810223131,0.6266954040245563,5,65,688,0.2345674636254254,616.5968804175463,0.3058516271912432,0.9798387784412943,2024-04,graph_temporal,evaluation,0.6782081094491685,0.15873015873015872
0.8438740322627556,0.538483951106285,0.02684898290433692,0.6312678928481952,5,158,511,0.2289286458614311,669.0632564329982,0.3318766152941459,0.8141053624626549,2024-05,kmeans,evaluation,0.7131798961868591,0.12202380952380952
0.8467859099122987,0.5223354034308942,0.027973261354776617,0.6092913165305831,5,197,697,0.1697974097859931,546.3111860773809,0.2709876915066373,0.7400670631819606,2024-05,ward,evaluation,0.33368997536787287,0.44246031746031744
0.8951455929755241,0.5704040282877737,0.053332190662415735,0.6165701350339239,5,69,703,0.17610714877126402,503.6670984549928,0.2498348702653734,0.631941407975448,2024-05,spectral,evaluation,0.641672979630834,0.14087301587301587
0.8540971015565036,0.5051700407947541,0.04341311038552917,0.6227550892578205,5,59,709,0.23341749330790862,620.2101623145245,0.3076439297195062,0.8829101024497004,2024-05,graph_temporal,evaluation,0.781051344373853,0.0873015873015873
0.8544783539125878,0.5318255535030476,0.02855857451014615,0.6324921880924118,5,148,522,0.2320186791018012,676.7321935524457,0.33568065156371313,0.7196436478981417,2024-06,kmeans,evaluation,0.6920480989763625,0.13194444444444445
0.8417623384526873,0.48364936116542456,0.029780266138271186,0.5963330907424187,5,166,667,0.16883025196431006,540.4312799002812,0.26807107137910774,1.1649940962406142,2024-06,ward,evaluation,0.30315216002794526,0.3621031746031746
0.8936632385499678,0.5720334494819671,0.05569088758750893,0.6069021004364304,5,64,790,0.17699514600583977,502.06382679063006,0.24903959662233635,0.7246246493046233,2024-06,spectral,evaluation,0.6987777462435487,0.11557539682539683
0.8664282968708272,0.5376921653552044,0.03568583599682443,0.6329201075542661,5,96,633,0.22250080095712113,641.9992245501991,0.31845199630466225,0.7895439019315438,2024-06,graph_temporal,evaluation,0.6926413254844057,0.12748015873015872
0.8648883382835855,0.5365998077527447,0.03221273950648822,0.6389353930132383,5,115,538,0.23191252662775877,695.1081035688281,0.3447956862940616,0.6497214081631246,2024-07,kmeans,evaluation,0.7106941312981179,0.12152777777777778
0.8226246554906614,0.5472250780044157,0.02764711939711605,0.5986839811594206,5,149,689,0.17059733262589769,564.7454419856633,0.28013166765161873,0.7787044395034277,2024-07,ward,evaluation,0.2983128580593394,0.3655753968253968
0.8807730499984787,0.5802187080267951,0.058172691065671946,0.5871415203606166,5,58,889,0.1873369088748557,517.1542475544624,0.2565249243821738,0.6329718317277759,2024-07,spectral,evaluation,0.7202340966317975,0.11359126984126984
0.8702780773644168,0.5360256743120978,0.04000170588660036,0.6368246774058606,5,77,596,0.2286815028809906,667.767130118117,0.33123369549509774,0.7013169694897814,2024-07,graph_temporal,evaluation,0.7646608611047612,0.09523809523809523
0.8524435061356745,0.5323635323468026,0.02949018977338026,0.6292772451685287,5,135,538,0.22497834191322455,689.4250597600545,0.3419767161508207,0.7710101202317106,2024-08,kmeans,evaluation,0.700991791382062,0.12549603174603174
0.8385873370552043,0.4926020000445389,0.029996770302799226,0.6017218132566553,5,134,558,0.1772101748347042,544.8508487487994,0.27026331783174573,0.8377134656309848,2024-08,ward,evaluation,0.2909994158663799,0.4384920634920635
0.8858627022057795,0.5579656945768072,0.05412524589877217,0.5916645291008026,5,68,878,0.18298924814451623,518.3625330747907,0.25712427235852714,,2024-08,spectral,evaluation,0.7846317074896313,0.08978174603174603
0.8664597871545128,0.5260216863540569,0.03946193722799681,0.6328578053355254,5,79,570,0.22007664020951476,654.6031282732952,0.3247039326752456,,2024-08,graph_temporal,evaluation,0.7869760481702591,0.0798611111111111
0.8601581242258615,0.5469130906629219,0.0286272424920906,0.639362101065016,5,152,514,0.22611185842253667,698.4727701339151,0.34646466772515633,0.7124997229540619,2024-09,kmeans,evaluation,0.6870026561496296,0.12996031746031747
0.8269181594219791,0.5177959363113873,0.028894853688057075,0.5990027282888216,5,131,565,0.18075780779188122,565.7692791254534,0.28063952337572096,,2024-09,ward,evaluation,0.3012709191308472,0.4439484126984127
0.8896612347236784,0.5758848703464964,0.053504878822025814,0.6139916128106954,5,66,757,0.17749261361703747,512.6720033961715,0.25430158898619615,,2024-09,spectral,evaluation,0.656660579178117,0.1378968253968254
0.8644637782857638,0.5452689958369124,0.0334147390685664,0.634291401294212,5,106,603,0.2195786727700879,667.0016015137636,0.33085396900484304,0.8444423281167098,2024-09,graph_temporal,evaluation,0.7542607085366633,0.09821428571428571
0.8597709587903086,0.5406905540292568,0.029770195078509278,0.6393041729085525,5,131,536,0.2325348390536877,699.9578077592691,0.3472012935313835,0.8860401375997655,2024-10,kmeans,evaluation,0.7121944402810355,0.1185515873015873
0.8437493289430389,0.4963246694485431,0.03691457491639315,0.5914874353962025,5,90,643,0.17713440612486972,577.685192507625,0.28655019469624254,0.7634825844034985,2024-10,ward,evaluation,0.3130244393893711,0.3705357142857143
0.8881191512334125,0.5825313195076465,0.05349653523957376,0.6153437450930173,5,64,737,0.18072374211165382,524.2415876169931,0.26004047004811165,0.9676688868422503,2024-10,spectral,evaluation,0.7221738658483388,0.10515873015873016
0.8749268965440354,0.5459377119472683,0.033937147098851046,0.6483350739406883,5,104,559,0.22978374409431745,684.4817382896008,0.33952467177063533,0.9542213387313333,2024-10,graph_temporal,evaluation,0.7782038700127683,0.08382936507936507
0.8508832987646479,0.5520939912964257,0.02591625431471742,0.6372427799506095,5,194,509,0.22219051763968053,697.3474581769207,0.34590647727029794,0.7674949506768174,2024-11,kmeans,evaluation,0.6753201587318348,0.15029761904761904
0.8428790830305714,0.5639386745668477,0.024334611915444723,0.6304010731280615,5,288,515,0.16734745510482626,556.8728182122506,0.2762265963354418,1.0041196798708647,2024-11,ward,evaluation,0.31230636212443413,0.4489087301587302
0.8947414912997559,0.5746740511636041,0.053439680312870365,0.6223050301157099,5,65,731,0.18726957454953633,553.4267292791183,0.27451722682495944,0.9000917071945389,2024-11,spectral,evaluation,0.7100424900420677,0.10962301587301587
0.8636089605648115,0.5368751924068388,0.034391010275625376,0.6386886731747554,5,94,554,0.23135906952364205,668.8507989964609,0.3317712296609429,0.8737563469596247,2024-11,graph_temporal,evaluation,0.8142004666983442,0.07490079365079365
0.8562217311816658,0.5546627558856878,0.03081512057971686,0.6320675045708174,5,121,610,0.22910228779659347,668.0910609220196,0.33139437545735095,0.9132626806084423,2024-12,kmeans,evaluation,0.6483412755070038,0.1765873015873016
0.8595311309566519,0.5224715054165024,0.03398781584832061,0.6113737146125148,5,111,769,0.18852656926146324,560.630414327699,0.2780904832974697,0.9538446237485154,2024-12,ward,evaluation,0.43252241144087916,0.3531746031746032
0.8826780228449677,0.5524519944179346,0.05152059925825506,0.6085364043218562,5,67,751,0.16297067380502311,494.06090497267206,0.24506989333961907,0.8084869880072405,2024-12,spectral,evaluation,0.5892121900291224,0.19593253968253968
0.8733344206403355,0.5494037920507573,0.03373452996152108,0.6450247813864252,5,106,605,0.22518521229460328,646.4382722809254,0.3206539049012527,0.8640399431259637,2024-12,graph_temporal,evaluation,0.7966062872343929,0.07936507936507936
