territory_id,municipal_district_name_short,region_name,switches
1,Майкоп,Республика Адыгея,1
2,Адыгейск,Республика Адыгея,5
3,Гиагинский,Республика Адыгея,0
4,Кошехабльский,Республика Адыгея,1
5,Красногвардейский,Республика Адыгея,6
6,Майкопский,Республика Адыгея,5
7,Тахтамукайский,Республика Адыгея,0
8,Теучежский,Республика Адыгея,4
9,Шовгеновский,Республика Адыгея,3
10,Горно-Алтайск,Республика Алтай,2
11,Кош-Агачский,Республика Алтай,0
12,Майминский,Республика Алтай,2
13,Онгудайский,Республика Алтай,0
14,Турочакский,Республика Алтай,2
15,Улаганский,Республика Алтай,0
16,Усть-Канский,Республика Алтай,0
17,Усть-Коксинский,Республика Алтай,0
18,Чемальский,Республика Алтай,1
19,Чойский,Республика Алтай,9
20,Шебалинский,Республика Алтай,0
21,Уфа,Республика Башкортостан,0
22,Агидель,Республика Башкортостан,0
23,Кумертау,Республика Башкортостан,2
25,Нефтекамск,Республика Башкортостан,1
26,Октябрьский,Республика Башкортостан,1
27,Салават,Республика Башкортостан,1
28,Сибай,Республика Башкортостан,3
29,Стерлитамак,Республика Башкортостан,1
30,Абзелиловский,Республика Башкортостан,0
31,Альшеевский,Республика Башкортостан,1
32,Архангельский,Республика Башкортостан,7
33,Аскинский,Республика Башкортостан,3
34,Аургазинский,Республика Башкортостан,4
35,Баймакский,Республика Башкортостан,2
36,Бакалинский,Республика Башкортостан,3
37,Балтачевский,Республика Башкортостан,1
38,Белебеевский,Республика Башкортостан,2
39,Белокатайский,Республика Башкортостан,5
40,Белорецкий,Республика Башкортостан,0
41,Бижбулякский,Республика Башкортостан,1
42,Бирский,Республика Башкортостан,2
43,Благоварский,Республика Башкортостан,2
44,Благовещенский,Республика Башкортостан,3
45,Буздякский,Республика Башкортостан,1
46,Бураевский,Республика Башкортостан,1
47,Бурзянский,Республика Башкортостан,3
48,Гафурийский,Республика Башкортостан,1
49,Давлекановский,Республика Башкортостан,1
50,Дуванский,Республика Башкортостан,0
51,Дюртюлинский,Республика Башкортостан,3
52,Ермекеевский,Республика Башкортостан,8
53,Зианчуринский,Республика Башкортостан,0
54,Зилаирский,Республика Башкортостан,1
55,Иглинский,Республика Башкортостан,3
56,Илишевский,Республика Башкортостан,1
57,Ишимбайский,Республика Башкортостан,2
58,Калтасинский,Республика Башкортостан,3
59,Караидельский,Республика Башкортостан,1
60,Кармаскалинский,Республика Башкортостан,2
61,Кигинский,Республика Башкортостан,2
62,Краснокамский,Республика Башкортостан,6
63,Кугарчинский,Республика Башкортостан,1
65,Кушнаренковский,Республика Башкортостан,6
66,Мелеузовский,Республика Башкортостан,3
67,Мечетлинский,Республика Башкортостан,1
68,Мишкинский,Республика Башкортостан,1
69,Миякинский,Республика Башкортостан,1
70,Нуримановский,Республика Башкортостан,2
71,Салаватский,Республика Башкортостан,3
72,Стерлибашевский,Республика Башкортостан,3
73,Стерлитамакский,Республика Башкортостан,1
74,Татышлинский,Республика Башкортостан,1
75,Туймазинский,Республика Башкортостан,2
76,Уфимский,Республика Башкортостан,1
77,Учалинский,Республика Башкортостан,3
78,Федоровский,Республика Башкортостан,6
79,Хайбуллинский,Республика Башкортостан,0
80,Чекмагушевский,Республика Башкортостан,1
81,Чишминский,Республика Башкортостан,2
82,Шаранский,Республика Башкортостан,7
83,Янаульский,Республика Башкортостан,0
167,Нальчик,Кабардино-Балкарская Республика,4
168,Баксан,Кабардино-Балкарская Республика,3
169,Прохладный,Кабардино-Балкарская Республика,9
173,Майский,Кабардино-Балкарская Республика,2
181,Городовиковский,Республика Калмыкия,4
184,Лаганский,Республика Калмыкия,12
185,Малодербетовский,Республика Калмыкия,1
188,Сарпинский,Республика Калмыкия,0
191,Юстинский,Республика Калмыкия,5
194,Черкесский,Карачаево-Черкесская Республика,5
195,Карачаевский,Карачаево-Черкесская Республика,7
196,Абазинский,Карачаево-Черкесская Республика,4
198,Зеленчукский,Карачаево-Черкесская Республика,2
201,Ногайский,Карачаево-Черкесская Республика,4
203,Урупский,Карачаево-Черкесская Республика,6
204,Усть-Джегутинский,Карачаево-Черкесская Республика,4
205,Хабезский,Карачаево-Черкесская Республика,3
206,Петрозаводский,Республика Карелия,0
207,Костомукшский,Республика Карелия,1
208,Беломорский,Республика Карелия,0
209,Калевальский,Республика Карелия,1
210,Кемский,Республика Карелия,0
211,Кондопожский,Республика Карелия,1
212,Лахденпохский,Республика Карелия,2
213,Лоухский,Республика Карелия,0
214,Медвежьегорский,Республика Карелия,0
215,Муезерский,Республика Карелия,0
216,Олонецкий,Республика Карелия,0
217,Питкярантский,Республика Карелия,0
218,Прионежский,Республика Карелия,1
219,Пряжинский,Республика Карелия,0
220,Пудожский,Республика Карелия,4
221,Сегежский,Республика Карелия,1
222,Сортавальский,Республика Карелия,3
223,Суоярвский,Республика Карелия,0
224,Сыктывкар,Республика Коми,1
225,Воркута,Республика Коми,2
226,Вуктыл,Республика Коми,1
227,Инта,Республика Коми,4
228,Усинск,Республика Коми,4
229,Ухта,Республика Коми,7
230,Ижемский,Республика Коми,6
231,Княжпогостский,Республика Коми,0
232,Койгородский,Республика Коми,6
233,Корткеросский,Республика Коми,2
234,Печора,Республика Коми,1
235,Прилузский,Республика Коми,5
236,Сосногорск,Республика Коми,1
237,Сыктывдинский,Республика Коми,3
238,Сысольский,Республика Коми,6
239,Троицко-Печорский,Республика Коми,0
240,Удорский,Республика Коми,0
241,Усть-Вымский,Республика Коми,0
242,Усть-Куломский,Республика Коми,5
243,Усть-Цилемский,Республика Коми,4
269,Йошкар-Ола,Республика Марий Эл,1
270,Волжск,Республика Марий Эл,0
271,Козьмодемьянск,Республика Марий Эл,0
272,Волжский,Республика Марий Эл,5
273,Горномарийский,Республика Марий Эл,1
274,Звениговский,Республика Марий Эл,4
275,Килемарский,Республика Марий Эл,12
276,Куженерский,Республика Марий Эл,4
277,Мари-Турекский,Республика Марий Эл,6
278,Медведевский,Республика Марий Эл,1
279,Моркинский,Республика Марий Эл,4
280,Новоторъяльский,Республика Марий Эл,6
281,Оршанский,Республика Марий Эл,6
282,Параньгинский,Республика Марий Эл,1
283,Сернурский,Республика Марий Эл,0
284,Советский,Республика Марий Эл,0
285,Юринский,Республика Марий Эл,0
287,Ардатовский,Республика Мордовия,0
288,Атюрьевский,Республика Мордовия,0
289,Атяшевский,Республика Мордовия,2
290,Большеберезниковский,Республика Мордовия,2
292,Дубенский,Республика Мордовия,0
293,Ельниковский,Республика Мордовия,2
294,Зубово-Полянский,Республика Мордовия,0
295,Инсарский,Республика Мордовия,2
296,Ичалковский,Республика Мордовия,0
297,Кадошкинский,Республика Мордовия,2
298,Ковылкинский,Республика Мордовия,5
300,Краснослободский,Республика Мордовия,2
301,Лямбирский,Республика Мордовия,1
302,Ромодановский,Республика Мордовия,2
303,Рузаевский,Республика Мордовия,0
304,Старошайговский,Республика Мордовия,4
305,Темниковский,Республика Мордовия,0
306,Теньгушевский,Республика Мордовия,0
307,Торбеевский,Республика Мордовия,2
308,Чамзинский,Республика Мордовия,4
309,Якутск,Республика Саха (Якутия),5
312,Алданский,Республика Саха (Якутия),3
314,Амгинский,Республика Саха (Якутия),9
316,Булунский,Республика Саха (Якутия),0
317,Верхневилюйский,Республика Саха (Якутия),9
318,Верхнеколымский,Республика Саха (Якутия),0
319,Верхоянский,Республика Саха (Якутия),3
320,Вилюйский,Республика Саха (Якутия),5
321,Горный,Республика Саха (Якутия),11
323,Кобяйский,Республика Саха (Якутия),0
324,Нюрбинский,Республика Саха (Якутия),9
325,Ленский,Республика Саха (Якутия),0
326,Мегино-Кангаласский,Республика Саха (Якутия),9
327,Мирнинский,Республика Саха (Якутия),6
329,Намский,Республика Саха (Якутия),9
330,Нерюнгринский,Республика Саха (Якутия),0
331,Нижнеколымский,Республика Саха (Якутия),0
332,Оймяконский,Республика Саха (Якутия),0
333,Олекминский,Республика Саха (Якутия),3
334,Оленекский,Республика Саха (Якутия),1
335,Среднеколымский,Республика Саха (Якутия),0
336,Сунтарский,Республика Саха (Якутия),9
337,Таттинский,Республика Саха (Якутия),9
338,Томпонский,Республика Саха (Якутия),0
339,Усть-Алданский,Республика Саха (Якутия),9
340,Усть-Майский,Республика Саха (Якутия),0
341,Усть-Янский,Республика Саха (Якутия),0
342,Хангаласский,Республика Саха (Якутия),9
343,Чурапчинский,Республика Саха (Якутия),9
345,Владикавказ,Республика Северная Осетия — Алания,1
346,Алагирский,Республика Северная Осетия — Алания,4
347,Ардонский,Республика Северная Осетия — Алания,5
348,Дигорский,Республика Северная Осетия — Алания,4
349,Ирафский,Республика Северная Осетия — Алания,2
351,Моздокский,Республика Северная Осетия — Алания,4
352,Правобережный,Республика Северная Осетия — Алания,4
354,Казань,Республика Татарстан,0
355,Набережные Челны,Республика Татарстан,1
356,Агрызский,Республика Татарстан,3
357,Азнакаевский,Республика Татарстан,1
358,Аксубаевский,Республика Татарстан,2
359,Актанышский,Республика Татарстан,5
360,Алексеевский,Республика Татарстан,2
361,Алькеевский,Республика Татарстан,2
362,Альметьевский,Республика Татарстан,1
363,Апастовский,Республика Татарстан,6
364,Арский,Республика Татарстан,1
365,Атнинский,Республика Татарстан,6
366,Бавлинский,Республика Татарстан,7
367,Балтасинский,Республика Татарстан,1
368,Бугульминский,Республика Татарстан,2
369,Буинский,Республика Татарстан,1
370,Верхнеуслонский,Республика Татарстан,4
371,Высокогорский,Республика Татарстан,3
372,Дрожжановский,Республика Татарстан,5
373,Елабужский,Республика Татарстан,1
374,Заинский,Республика Татарстан,1
375,Зеленодольский,Республика Татарстан,1
376,Кайбицкий,Республика Татарстан,3
377,Камско-Устьинский,Республика Татарстан,11
378,Кукморский,Республика Татарстан,1
379,Лаишевский,Республика Татарстан,1
380,Лениногорский,Республика Татарстан,2
381,Мамадышский,Республика Татарстан,1
382,Менделеевский,Республика Татарстан,0
383,Мензелинский,Республика Татарстан,4
384,Муслюмовский,Республика Татарстан,5
385,Нижнекамский,Республика Татарстан,1
386,Новошешминский,Республика Татарстан,4
387,Нурлатский,Республика Татарстан,1
388,Пестречинский,Республика Татарстан,2
390,Сабинский,Республика Татарстан,1
391,Сармановский,Республика Татарстан,8
392,Спасский,Республика Татарстан,6
393,Тетюшский,Республика Татарстан,9
395,Тюлячинский,Республика Татарстан,1
396,Черемшанский,Республика Татарстан,6
397,Чистопольский,Республика Татарстан,1
398,Ютазинский,Республика Татарстан,2
401,Бай-Тайгинский,Республика Тыва,0
402,Барун-Хемчикский,Республика Тыва,0
403,Дзун-Хемчикский,Республика Тыва,0
404,Каа-Хемский,Республика Тыва,5
405,Кызылский,Республика Тыва,0
408,Пий-Хемский,Республика Тыва,12
410,Тандинский,Республика Тыва,0
413,Тоджинский,Республика Тыва,0
414,Улуг-Хемский,Республика Тыва,4
416,Чеди-Хольский,Республика Тыва,1
418,Ижевск,Удмуртская Республика,0
419,Воткинск,Удмуртская Республика,3
420,Глазов,Удмуртская Республика,2
421,Можга,Удмуртская Республика,1
422,Сарапул,Удмуртская Республика,2
423,Алнашский,Удмуртская Республика,4
424,Балезинский,Удмуртская Республика,2
425,Вавожский,Удмуртская Республика,7
428,Граховский,Удмуртская Республика,0
429,Дебёсский,Удмуртская Республика,2
430,Завьяловский,Удмуртская Республика,2
431,Игринский,Удмуртская Республика,7
432,Камбарский,Удмуртская Республика,2
433,Каракулинский,Удмуртская Республика,6
434,Кезский,Удмуртская Республика,4
435,Кизнерский,Удмуртская Республика,3
436,Киясовский,Удмуртская Республика,4
437,Красногорский,Удмуртская Республика,2
438,Малопургинский,Удмуртская Республика,1
440,Сарапульский,Удмуртская Республика,1
441,Селтинский,Удмуртская Республика,2
442,Сюмсинский,Удмуртская Республика,1
443,Увинский,Удмуртская Республика,2
444,Шарканский,Удмуртская Республика,2
445,Юкаменский,Удмуртская Республика,4
446,Якшур-Бодьинский,Удмуртская Республика,5
447,Ярский,Удмуртская Республика,6
448,Абакан,Республика Хакасия,1
449,Абаза,Республика Хакасия,5
450,Саяногорск,Республика Хакасия,1
451,Сорск,Республика Хакасия,0
452,Черногорск,Республика Хакасия,2
453,Алтайский,Республика Хакасия,0
455,Бейский,Республика Хакасия,0
456,Боградский,Республика Хакасия,4
457,Орджоникидзевский,Республика Хакасия,5
458,Таштыпский,Республика Хакасия,0
459,Усть-Абаканский,Республика Хакасия,0
460,Ширинский,Республика Хакасия,1
478,Чебоксары,Чувашская Республика,1
479,Алатырь,Чувашская Республика,0
480,Канаш,Чувашская Республика,1
481,Новочебоксарск,Чувашская Республика,1
482,Шумерля,Чувашская Республика,0
484,Аликовский,Чувашская Республика,5
485,Батыревский,Чувашская Республика,3
486,Вурнарский,Чувашская Республика,6
487,Ибресинский,Чувашская Республика,7
489,Козловский,Чувашская Республика,6
490,Комсомольский,Чувашская Республика,3
491,Красноармейский,Чувашская Республика,4
492,Красночетайский,Чувашская Республика,9
493,Мариинско-Посадский,Чувашская Республика,10
494,Моргаушский,Чувашская Республика,1
495,Порецкий,Чувашская Республика,4
496,Урмарский,Чувашская Республика,9
497,Цивильский,Чувашская Республика,0
498,Чебоксарский,Чувашская Республика,3
499,Шемуршинский,Чувашская Республика,4
501,Ядринский,Чувашская Республика,10
502,Яльчикский,Чувашская Республика,6
503,Янтиковский,Чувашская Республика,6
504,Барнаул,Алтайский край,2
505,Алейск,Алтайский край,1
506,Белокуриха,Алтайский край,2
507,Бийск,Алтайский край,3
508,Заринск,Алтайский край,2
509,Новоалтайск,Алтайский край,2
510,Рубцовск,Алтайский край,2
511,Славгород,Алтайский край,1
512,Яровое,Алтайский край,2
515,Алтайский,Алтайский край,0
516,Баевский,Алтайский край,0
517,Бийский,Алтайский край,0
518,Благовещенский,Алтайский край,1
519,Бурлинский,Алтайский край,7
520,Быстроистокский,Алтайский край,0
521,Волчихинский,Алтайский край,6
522,Егорьевский,Алтайский край,4
523,Ельцовский,Алтайский край,2
524,Завьяловский,Алтайский край,4
525,Залесовский,Алтайский край,4
527,Змеиногорский,Алтайский край,0
528,Калманский,Алтайский край,3
529,Каменский,Алтайский край,4
530,Ключевский,Алтайский край,3
531,Косихинский,Алтайский край,3
532,Красногорский,Алтайский край,6
533,Краснощёковский,Алтайский край,0
534,Крутихинский,Алтайский край,4
535,Кулундинский,Алтайский край,0
536,Курьинский,Алтайский край,4
537,Кытмановский,Алтайский край,6
538,Локтевский,Алтайский край,4
539,Мамонтовский,Алтайский край,2
540,Михайловский,Алтайский край,8
541,Новичихинский,Алтайский край,2
542,Зональный,Алтайский край,1
543,Павловский,Алтайский край,2
544,Панкрушихинский,Алтайский край,5
545,Первомайский,Алтайский край,3
546,Петропавловский,Алтайский край,6
547,Поспелихинский,Алтайский край,2
548,Ребрихинский,Алтайский край,7
549,Родинский,Алтайский край,2
550,Романовский,Алтайский край,3
552,Смоленский,Алтайский край,4
553,Суетский,Алтайский край,0
554,Советский,Алтайский край,1
555,Солонешенский,Алтайский край,4
556,Солтонский,Алтайский край,3
557,Шелаболихинский,Алтайский край,0
558,Табунский,Алтайский край,5
559,Тальменский,Алтайский край,0
560,Тогульский,Алтайский край,7
561,Топчихинский,Алтайский край,2
562,Третьяковский,Алтайский край,2
563,Троицкий,Алтайский край,0
564,Тюменцевский,Алтайский край,2
565,Угловский,Алтайский край,6
566,Усть-Калманский,Алтайский край,2
567,Усть-Пристанский,Алтайский край,1
568,Хабарский,Алтайский край,8
569,Целинный,Алтайский край,2
570,Чарышский,Алтайский край,2
571,Шипуновский,Алтайский край,2
572,Немецкий,Алтайский край,6
574,Петровск-Забайкальский,Забайкальский край,3
578,Балейский,Забайкальский край,6
579,Борзинский,Забайкальский край,6
580,Газимуро-Заводский,Забайкальский край,4
581,Забайкальский,Забайкальский край,6
582,Каларский,Забайкальский край,4
583,Калганский,Забайкальский край,2
584,Карымский,Забайкальский край,5
585,Краснокаменск и Краснокаменский,Забайкальский край,0
586,Красночикойский,Забайкальский край,0
587,Кыринский,Забайкальский край,1
588,Могочинский,Забайкальский край,3
589,Нерчинский,Забайкальский край,0
591,Оловяннинский,Забайкальский край,4
592,Ононский,Забайкальский край,0
593,Петровск-Забайкальский,Забайкальский край,0
594,Приаргунский,Забайкальский край,1
595,Сретенский,Забайкальский край,4
598,Улётовский,Забайкальский край,2
599,Хилокский,Забайкальский край,4
600,Чернышевский,Забайкальский край,4
601,Читинский,Забайкальский край,0
602,Шелопугинский,Забайкальский край,1
603,Шилкинский,Забайкальский край,8
604,Агинское,Забайкальский край,0
605,Агинский,Забайкальский край,4
606,Дульдургинский,Забайкальский край,2
607,Могойтуйский,Забайкальский край,0
608,Петропавловск-Камчатский,Камчатский край,4
612,Елизовский,Камчатский край,4
613,Мильковский,Камчатский край,2
614,Соболевский,Камчатский край,1
615,Усть-Большерецкий,Камчатский край,1
616,Усть-Камчатский,Камчатский край,0
618,Карагинский,Камчатский край,0
619,Олюторский,Камчатский край,0
621,Тигильский,Камчатский край,0
666,Красноярск,Красноярский край,0
667,Ачинск,Красноярский край,3
668,Боготол,Красноярский край,0
669,Бородино,Красноярский край,0
670,Дивногорск,Красноярский край,2
671,Енисейск,Красноярский край,2
674,Канск,Красноярский край,2
675,Лесосибирск,Красноярский край,1
676,Минусинск,Красноярский край,2
677,Назарово,Красноярский край,1
678,Норильск,Красноярский край,0
679,Сосновоборск,Красноярский край,2
680,Шарыпово,Красноярский край,1
683,Абанский,Красноярский край,0
685,Балахтинский,Красноярский край,4
686,Березовский,Красноярский край,2
687,Бирилюсский,Красноярский край,6
689,Богучанский,Красноярский край,0
690,Большемуртинский,Красноярский край,5
691,Большеулуйский,Красноярский край,13
692,Дзержинский,Красноярский край,2
693,Емельяновский,Красноярский край,2
694,Енисейский,Красноярский край,0
695,Ермаковский,Красноярский край,8
696,Идринский,Красноярский край,2
697,Иланский,Красноярский край,0
698,Ирбейский,Красноярский край,4
699,Казачинский,Красноярский край,0
701,Каратузский,Красноярский край,2
702,Кежемский,Красноярский край,0
703,Козульский,Красноярский край,9
704,Краснотуранский,Красноярский край,5
705,Курагинский,Красноярский край,4
706,Манский,Красноярский край,0
708,Мотыгинский,Красноярский край,2
710,Нижнеингашский,Красноярский край,7
711,Новоселовский,Красноярский край,5
712,Партизанский,Красноярский край,4
713,Пировский,Красноярский край,2
714,Рыбинский,Красноярский край,2
715,Саянский,Красноярский край,5
716,Северо-Енисейский,Красноярский край,0
717,Сухобузимский,Красноярский край,6
718,Таймырский Долгано-Ненецкий,Красноярский край,0
719,Тасеевский,Красноярский край,0
720,Туруханский,Красноярский край,0
721,Тюхтетский,Красноярский край,0
722,Ужурский,Красноярский край,5
723,Уярский,Красноярский край,9
725,Шушенский,Красноярский край,5
726,Эвенкийский,Красноярский край,0
727,Пермский,Пермский край,0
731,Лысьвенский,Пермский край,1
734,Александровский,Пермский край,0
735,Бардымский,Пермский край,1
736,Березовский,Пермский край,4
737,Большесосновский,Пермский край,6
738,Верещагинский,Пермский край,3
739,Горнозаводский,Пермский край,0
741,Добрянский,Пермский край,0
742,Еловский,Пермский край,4
743,Ильинский,Пермский край,4
744,Карагайский,Пермский край,2
745,Кизел,Пермский край,0
746,Кишертский,Пермский край,7
747,Красновишерский,Пермский край,2
748,Краснокамский,Пермский край,2
749,Куединский,Пермский край,2
751,Нытвенский,Пермский край,0
752,Октябрьский,Пермский край,7
753,Ординский,Пермский край,6
754,Осинский,Пермский край,4
755,Оханский,Пермский край,4
756,Очерский,Пермский край,3
757,Пермский,Пермский край,3
758,Сивинский,Пермский край,2
760,Суксунский,Пермский край,2
761,Уинский,Пермский край,2
763,Чайковский,Пермский край,2
764,Частинский,Пермский край,8
765,Чердынский,Пермский край,0
766,Чернушинский,Пермский край,3
767,Чусовской,Пермский край,1
769,Гайнский,Пермский край,14
770,Косинский,Пермский край,3
771,Кочевский,Пермский край,6
773,Юрлинский,Пермский край,5
774,Юсьвинский,Пермский край,8
775,Владивостокский,Приморский край,4
776,Арсеньевский,Приморский край,3
777,Артемовский,Приморский край,4
778,Большой Камень,Приморский край,7
779,Дальнегорский,Приморский край,9
780,Дальнереченский,Приморский край,8
781,Лесозаводский,Приморский край,5
782,Находкинский,Приморский край,4
783,Партизанский,Приморский край,5
784,Спасск-Дальний,Приморский край,7
785,Уссурийский,Приморский край,4
787,Анучинский,Приморский край,11
788,Дальнереченский,Приморский край,10
789,Кавалеровский,Приморский край,3
790,Кировский,Приморский край,0
791,Красноармейский,Приморский край,4
792,Лазовский,Приморский край,2
793,Михайловский,Приморский край,3
794,Надеждинский,Приморский край,5
795,Октябрьский,Приморский край,5
796,Ольгинский,Приморский край,4
797,Партизанский,Приморский край,11
798,Пограничный,Приморский край,4
799,Пожарский,Приморский край,1
800,Спасский,Приморский край,4
801,Тернейский,Приморский край,6
802,Ханкайский,Приморский край,5
803,Хасанский,Приморский край,7
804,Хорольский,Приморский край,4
805,Черниговский,Приморский край,8
806,Чугуевский,Приморский край,5
807,Шкотовский,Приморский край,8
808,Яковлевский,Приморский край,9
809,Ставрополь,Ставропольский край,0
810,Благодарненский,Ставропольский край,0
811,Георгиевский,Ставропольский край,4
812,Ессентуки,Ставропольский край,0
813,Железноводск,Ставропольский край,2
814,Изобильненский,Ставропольский край,5
815,Ипатовский,Ставропольский край,8
817,Кировский,Ставропольский край,0
818,Лермонтов,Ставропольский край,1
819,Минераловодский,Ставропольский край,1
820,Невинномысск,Ставропольский край,2
821,Нефтекумский,Ставропольский край,4
822,Новоалександровский,Ставропольский край,0
823,Петровский,Ставропольский край,2
824,Пятигорск,Ставропольский край,0
825,Советский,Ставропольский край,6
826,Александровский,Ставропольский край,2
827,Андроповский,Ставропольский край,0
828,Апанасенковский,Ставропольский край,0
829,Арзгирский,Ставропольский край,4
830,Будённовский,Ставропольский край,4
831,Грачёвский,Ставропольский край,4
832,Кочубеевский,Ставропольский край,2
833,Красногвардейский,Ставропольский край,5
834,Курский,Ставропольский край,6
835,Левокумский,Ставропольский край,0
836,Новоселицкий,Ставропольский край,2
838,Степновский,Ставропольский край,5
839,Труновский,Ставропольский край,6
840,Туркменский,Ставропольский край,0
841,Шпаковский,Ставропольский край,1
842,Хабаровск,Хабаровский край,4
843,Комсомольск-на-Амуре,Хабаровский край,4
844,Амурский,Хабаровский край,4
846,Бикинский,Хабаровский край,8
847,Ванинский,Хабаровский край,2
848,Верхнебуреинский,Хабаровский край,0
849,Вяземский,Хабаровский край,5
851,Лазо,Хабаровский край,4
852,Нанайский,Хабаровский край,4
853,Николаевский,Хабаровский край,0
854,Охотский,Хабаровский край,3
855,Полины Осипенко,Хабаровский край,7
856,Советско-Гаванский,Хабаровский край,0
857,Солнечный,Хабаровский край,0
859,Ульчский,Хабаровский край,4
860,Хабаровский,Хабаровский край,6
870,Архаринский,Амурская область,5
871,Белогорский,Амурская область,4
872,Благовещенский,Амурская область,4
873,Бурейский,Амурская область,6
874,Завитинский,Амурская область,4
875,Зейский,Амурская область,0
876,Ивановский,Амурская область,2
877,Константиновский,Амурская область,2
878,Магдагачинский,Амурская область,3
879,Мазановский,Амурская область,8
880,Михайловский,Амурская область,5
881,Октябрьский,Амурская область,7
882,Ромненский,Амурская область,4
883,Свободненский,Амурская область,3
884,Селемджинский,Амурская область,0
885,Серышевский,Амурская область,8
886,Сковородинский,Амурская область,1
888,Тындинский,Амурская область,0
889,Шимановский,Амурская область,9
890,Архангельск,Архангельская область,1
891,Коряжма,Архангельская область,1
892,Котлас,Архангельская область,5
895,Новодвинск,Архангельская область,1
896,Северодвинск,Архангельская область,0
897,Вельский,Архангельская область,1
898,Верхнетоемский,Архангельская область,4
899,Вилегодский,Архангельская область,4
900,Виноградовский,Архангельская область,6
901,Каргопольский,Архангельская область,2
902,Коношский,Архангельская область,2
903,Котласский,Архангельская область,0
904,Красноборский,Архангельская область,6
905,Ленский,Архангельская область,0
907,Мезенский,Архангельская область,7
908,Няндомский,Архангельская область,0
909,Онежский,Архангельская область,0
911,Плесецкий,Архангельская область,0
912,Приморский,Архангельская область,3
913,Устьянский,Архангельская область,2
914,Холмогорский,Архангельская область,6
915,Шенкурский,Архангельская область,4
916,Нарьян-Мар,Ненецкий автономный округ,1
917,Заполярный,Ненецкий автономный округ,1
918,Астрахань,Астраханская область,1
920,Ахтубинский,Астраханская область,4
922,Енотаевский,Астраханская область,0
923,Икрянинский,Астраханская область,5
924,Камызякский,Астраханская область,0
925,Красноярский,Астраханская область,5
926,Лиманский,Астраханская область,2
927,Наримановский,Астраханская область,3
928,Приволжский,Астраханская область,2
929,Харабалинский,Астраханская область,0
930,Черноярский,Астраханская область,4
986,Владимир,Владимирская область,1
987,Гусь-Хрустальный,Владимирская область,2
988,Ковров,Владимирская область,3
989,Муром,Владимирская область,2
991,Александровский,Владимирская область,2
992,Вязниковский,Владимирская область,1
993,Гороховецкий,Владимирская область,2
994,Гусь-Хрустальный,Владимирская область,0
995,Камешковский,Владимирская область,0
996,Киржачский,Владимирская область,1
998,Кольчугинский,Владимирская область,0
999,Меленковский,Владимирская область,0
1001,Петушинский,Владимирская область,1
1002,Селивановский,Владимирская область,0
1003,Собинский,Владимирская область,0
1004,Судогодский,Владимирская область,2
1005,Суздальский,Владимирская область,1
1006,Юрьев-Польский,Владимирская область,0
1007,Волгоград,Волгоградская область,1
1008,Волжский,Волгоградская область,1
1009,Камышин,Волгоградская область,1
1010,Михайловка,Волгоградская область,3
1011,Урюпинск,Волгоградская область,2
1012,Фролово,Волгоградская область,5
1013,Алексеевский,Волгоградская область,0
1014,Быковский,Волгоградская область,0
1015,Городищенский,Волгоградская область,0
1016,Даниловский,Волгоградская область,0
1017,Дубовский,Волгоградская область,3
1018,Еланский,Волгоградская область,0
1019,Жирновский,Волгоградская область,7
1020,Иловлинский,Волгоградская область,0
1021,Калачевский,Волгоградская область,2
1023,Киквидзенский,Волгоградская область,0
1024,Клетский,Волгоградская область,2
1025,Котельниковский,Волгоградская область,5
1026,Котовский,Волгоградская область,4
1027,Кумылженский,Волгоградская область,0
1028,Ленинский,Волгоградская область,2
1029,Нехаевский,Волгоградская область,2
1030,Николаевский,Волгоградская область,0
1031,Новоаннинский,Волгоградская область,3
1032,Новониколаевский,Волгоградская область,0
1033,Октябрьский,Волгоградская область,0
1034,Ольховский,Волгоградская область,8
1035,Палласовский,Волгоградская область,4
1036,Руднянский,Волгоградская область,0
1037,Светлоярский,Волгоградская область,3
1038,Серафимовичский,Волгоградская область,0
1039,Среднеахтубинский,Волгоградская область,1
1040,Старополтавский,Волгоградская область,8
1041,Суровикинский,Волгоградская область,0
1044,Чернышковский,Волгоградская область,0
1047,Бабаевский,Вологодская область,3
1048,Бабушкинский,Вологодская область,0
1049,Белозерский,Вологодская область,0
1051,Великоустюгский,Вологодская область,3
1052,Верховажский,Вологодская область,3
1053,Вожегодский,Вологодская область,7
1054,Вологодский,Вологодская область,3
1055,Вытегорский,Вологодская область,0
1056,Грязовецкий,Вологодская область,0
1057,Кадуйский,Вологодская область,0
1058,Кирилловский,Вологодская область,2
1059,Кичменгско-Городецкий,Вологодская область,0
1060,Междуреченский,Вологодская область,4
1061,Никольский,Вологодская область,0
1062,Нюксенский,Вологодская область,2
1063,Сокольский,Вологодская область,2
1064,Сямженский,Вологодская область,8
1065,Тарногский,Вологодская область,6
1066,Тотемский,Вологодская область,0
1067,Усть-Кубинский,Вологодская область,6
1068,Устюженский,Вологодская область,0
1069,Харовский,Вологодская область,6
1070,Чагодощенский,Вологодская область,0
1071,Череповецкий,Вологодская область,3
1072,Шекснинский,Вологодская область,0
1107,Иваново,Ивановская область,1
1108,Вичуга,Ивановская область,0
1109,Кинешма,Ивановская область,1
1110,Кохма,Ивановская область,0
1111,Тейково,Ивановская область,0
1112,Шуя,Ивановская область,0
1113,Вичугский,Ивановская область,0
1115,Гаврилово-Посадский,Ивановская область,4
1116,Заволжский,Ивановская область,7
1117,Ивановский,Ивановская область,1
1118,Ильинский,Ивановская область,8
1119,Кинешемский,Ивановская область,0
1120,Комсомольский,Ивановская область,0
1121,Лежневский,Ивановская область,0
1122,Лухский,Ивановская область,8
1123,Палехский,Ивановская область,2
1124,Пестяковский,Ивановская область,7
1125,Приволжский,Ивановская область,0
1126,Пучежский,Ивановская область,7
1127,Родниковский,Ивановская область,0
1128,Савинский,Ивановская область,3
1129,Тейковский,Ивановская область,0
1130,Фурмановский,Ивановская область,0
1131,Шуйский,Ивановская область,4
1132,Южский,Ивановская область,0
1133,Юрьевецкий,Ивановская область,3
1134,Иркутск,Иркутская область,0
1135,Ангарский,Иркутская область,1
1136,Братск,Иркутская область,1
1137,Зима,Иркутская область,1
1138,Саянск,Иркутская область,2
1139,Тулун,Иркутская область,1
1140,Усолье-Сибирское,Иркутская область,2
1141,Усть-Илимск,Иркутская область,3
1142,Черемхово,Иркутская область,0
1143,Свирск,Иркутская область,0
1144,Балаганский,Иркутская область,8
1146,Братский,Иркутская область,0
1147,Жигаловский,Иркутская область,7
1148,Заларинский,Иркутская область,2
1149,Зиминский,Иркутская область,0
1150,Иркутский,Иркутская область,0
1151,Казачинско-Ленский,Иркутская область,2
1152,Катангский,Иркутская область,0
1153,Качугский,Иркутская область,4
1154,Киренский,Иркутская область,2
1155,Куйтунский,Иркутская область,0
1157,Нижнеилимский,Иркутская область,0
1158,Нижнеудинский,Иркутская область,1
1159,Ольхонский,Иркутская область,6
1160,Слюдянский,Иркутская область,2
1161,Тайшетский,Иркутская область,4
1163,Усольский,Иркутская область,3
1164,Усть-Илимский,Иркутская область,6
1165,Усть-Кутский,Иркутская область,5
1166,Усть-Удинский,Иркутская область,8
1167,Черемховский,Иркутская область,7
1168,Чунский,Иркутская область,2
1169,Шелеховский,Иркутская область,3
1170,Аларский,Иркутская область,2
1171,Баяндаевский,Иркутская область,0
1172,Боханский,Иркутская область,0
1173,Нукутский,Иркутская область,7
1174,Осинский,Иркутская область,2
1175,Эхирит-Булагатский,Иркутская область,0
1176,Калининград,Калининградская область,2
1178,Мамоновский,Калининградская область,11
1179,Пионерский,Калининградская область,2
1180,Светловский,Калининградская область,1
1181,Советский,Калининградская область,1
1184,Балтийский,Калининградская область,1
1185,Гвардейский,Калининградская область,0
1186,Гурьевский,Калининградская область,2
1187,Гусевский,Калининградская область,0
1188,Зеленоградский,Калининградская область,0
1189,Краснознаменский,Калининградская область,7
1190,Светлогорский,Калининградская область,0
1191,Неманский,Калининградская область,8
1192,Нестеровский,Калининградская область,1
1193,Озерский,Калининградская область,10
1194,Полесский,Калининградская область,10
1195,Правдинский,Калининградская область,4
1196,Славский,Калининградская область,3
1197,Черняховский,Калининградская область,3
1198,Калуга,Калужская область,1
1200,Бабынинский,Калужская область,0
1201,Барятинский,Калужская область,2
1203,Дзержинский,Калужская область,2
1204,Думиничский,Калужская область,5
1205,Жиздринский,Калужская область,2
1206,Жуковский,Калужская область,0
1207,Кировский,Калужская область,1
1208,Износковский,Калужская область,2
1209,Козельский,Калужская область,4
1210,Куйбышевский,Калужская область,3
1211,Людиновский,Калужская область,0
1212,Малоярославецкий,Калужская область,1
1213,Медынский,Калужская область,6
1214,Мещовский,Калужская область,4
1215,Мосальский,Калужская область,3
1217,Спас-Деменский,Калужская область,4
1218,Сухиничский,Калужская область,6
1219,Тарусский,Калужская область,0
1220,Ульяновский,Калужская область,6
1221,Ферзиковский,Калужская область,5
1222,Хвастовичский,Калужская область,4
1223,Юхновский,Калужская область,2
1224,Кемеровский,Кемеровская область,0
1225,Анжеро-Судженский,Кемеровская область,2
1226,Беловский,Кемеровская область,2
1227,Березовский,Кемеровская область,1
1228,Калтанский,Кемеровская область,1
1229,Киселевский,Кемеровская область,2
1230,Ленинск-Кузнецкий,Кемеровская область,2
1231,Междуреченский,Кемеровская область,3
1232,Мысковский,Кемеровская область,1
1233,Новокузнецкий,Кемеровская область,1
1234,Осинниковский,Кемеровская область,1
1235,Полысаевский,Кемеровская область,1
1236,Прокопьевский,Кемеровская область,3
1237,Тайгинский,Кемеровская область,2
1238,Юргинский,Кемеровская область,2
1240,Беловский,Кемеровская область,2
1241,Гурьевский,Кемеровская область,1
1242,Ижморский,Кемеровская область,0
1243,Кемеровский,Кемеровская область,1
1244,Крапивинский,Кемеровская область,1
1246,Мариинский,Кемеровская область,1
1249,Промышленновский,Кемеровская область,1
1250,Таштагольский,Кемеровская область,5
1251,Тисульский,Кемеровская область,4
1252,Топкинский,Кемеровская область,3
1253,Тяжинский,Кемеровская область,2
1254,Чебулинский,Кемеровская область,3
1256,Яйский,Кемеровская область,6
1257,Яшкинский,Кемеровская область,6
1258,Киров,Кировская область,1
1259,Вятские Поляны,Кировская область,0
1260,Кирово-Чепецк,Кировская область,2
1261,Котельнич,Кировская область,2
1262,Слободской,Кировская область,0
1264,Арбажский,Кировская область,3
1265,Афанасьевский,Кировская область,0
1266,Белохолуницкий,Кировская область,0
1267,Богородский,Кировская область,4
1268,Верхнекамский,Кировская область,5
1269,Верхошижемский,Кировская область,2
1270,Вятскополянский,Кировская область,0
1271,Даровской,Кировская область,2
1272,Зуевский,Кировская область,2
1273,Кикнурский,Кировская область,0
1274,Кильмезский,Кировская область,2
1275,Кирово-Чепецкий,Кировская область,3
1276,Котельничский,Кировская область,3
1277,Куменский,Кировская область,2
1278,Лебяжский,Кировская область,8
1279,Лузский,Кировская область,4
1280,Малмыжский,Кировская область,3
1281,Мурашинский,Кировская область,2
1282,Нагорский,Кировская область,1
1284,Нолинский,Кировская область,2
1285,Омутнинский,Кировская область,0
1286,Опаринский,Кировская область,11
1287,Оричевский,Кировская область,2
1288,Орловский,Кировская область,11
1289,Пижанский,Кировская область,7
1290,Подосиновский,Кировская область,3
1291,Санчурский,Кировская область,1
1292,Свечинский,Кировская область,3
1293,Слободской,Кировская область,0
1294,Советский,Кировская область,0
1295,Сунский,Кировская область,2
1296,Тужинский,Кировская область,2
1297,Унинский,Кировская область,1
1298,Уржумский,Кировская область,8
1299,Фаленский,Кировская область,4
1300,Шабалинский,Кировская область,8
1301,Юрьянский,Кировская область,6
1302,Яранский,Кировская область,2
1303,Кострома,Костромская область,3
1304,Буй,Костромская область,0
1305,Волгореченск,Костромская область,1
1306,Галич,Костромская область,0
1308,Шарья,Костромская область,2
1309,Антроповский,Костромская область,0
1310,Буйский,Костромская область,6
1311,Вохомский,Костромская область,0
1312,Галичский,Костромская область,9
1313,Кадыйский,Костромская область,0
1314,Кологривский,Костромская область,0
1315,Костромской,Костромская область,3
1316,Красносельский,Костромская область,0
1317,Макарьевский,Костромская область,0
1319,Межевской,Костромская область,2
1320,Нейский,Костромская область,0
1321,Нерехта и Нерехтский,Костромская область,0
1322,Октябрьский,Костромская область,0
1323,Островский,Костромская область,0
1324,Павинский,Костромская область,3
1325,Парфеньевский,Костромская область,2
1326,Поназыревский,Костромская область,2
1327,Пыщугский,Костромская область,0
1328,Солигаличский,Костромская область,0
1329,Судиславский,Костромская область,4
1330,Сусанинский,Костромская область,12
1331,Чухломский,Костромская область,0
1333,Курган,Курганская область,2
1334,Шадринск,Курганская область,0
1335,Альменевский,Курганская область,2
1336,Белозерский,Курганская область,2
1337,Варгашинский,Курганская область,4
1338,Далматовский,Курганская область,0
1339,Звериноголовский,Курганская область,6
1340,Каргапольский,Курганская область,5
1341,Катайский,Курганская область,0
1343,Куртамышский,Курганская область,5
1344,Лебяжьевский,Курганская область,0
1345,Макушинский,Курганская область,2
1346,Мишкинский,Курганская область,0
1347,Мокроусовский,Курганская область,4
1348,Петуховский,Курганская область,0
1349,Половинский,Курганская область,0
1350,Притобольный,Курганская область,2
1351,Сафакулевский,Курганская область,3
1352,Целинный,Курганская область,3
1353,Частоозерский,Курганская область,4
1355,Шатровский,Курганская область,6
1356,Шумихинский,Курганская область,9
1357,Щучанский,Курганская область,1
1358,Юргамышский,Курганская область,6
1392,Бокситогорский,Ленинградская область,0
1393,Волосовский,Ленинградская область,1
1394,Волховский,Ленинградская область,1
1395,Всеволожский,Ленинградская область,0
1396,Выборгский,Ленинградская область,1
1397,Гатчинский,Ленинградская область,0
1398,Кингисеппский,Ленинградская область,1
1399,Киришский,Ленинградская область,1
1400,Кировский,Ленинградская область,1
1401,Лодейнопольский,Ленинградская область,1
1402,Ломоносовский,Ленинградская область,0
1403,Лужский,Ленинградская область,1
1404,Подпорожский,Ленинградская область,2
1405,Приозерский,Ленинградская область,1
1406,Сланцевский,Ленинградская область,0
1407,Тихвинский,Ленинградская область,1
1408,Тосненский,Ленинградская область,1
1409,Сосновоборский,Ленинградская область,0
1410,Липецк,Липецкая область,1
1411,Елец,Липецкая область,2
1412,Воловский,Липецкая область,0
1413,Грязинский,Липецкая область,0
1414,Данковский,Липецкая область,4
1415,Добринский,Липецкая область,0
1416,Добровский,Липецкая область,6
1417,Долгоруковский,Липецкая область,2
1419,Задонский,Липецкая область,2
1420,Измалковский,Липецкая область,2
1421,Краснинский,Липецкая область,9
1422,Лебедянский,Липецкая область,2
1423,Лев-Толстовский,Липецкая область,2
1425,Становлянский,Липецкая область,4
1426,Тербунский,Липецкая область,0
1427,Усманский,Липецкая область,3
1428,Хлевенский,Липецкая область,0
1429,Чаплыгинский,Липецкая область,7
1430,Магадан,Магаданская область,3
1431,Ольский,Магаданская область,9
1438,Ягоднинский,Магаданская область,6
1439,Балашиха,Московская область,0
1440,Бронницы,Московская область,1
1443,Дзержинский,Московская область,0
1444,Долгопрудный,Московская область,0
1445,Домодедово,Московская область,0
1446,Дубна,Московская область,0
1447,Егорьевск,Московская область,1
1448,Жуковский,Московская область,0
1449,Зарайск,Московская область,1
1453,Истра,Московская область,0
1454,Кашира,Московская область,2
1456,Королёв,Московская область,0
1457,Котельники,Московская область,0
1459,Красногорск,Московская область,0
1461,Лобня,Московская область,0
1463,Луховицы,Московская область,2
1464,Лыткарино,Московская область,0
1465,Люберцы,Московская область,0
1467,Мытищи,Московская область,0
1468,Наро-Фоминский,Московская область,0
1472,Подольск,Московская область,0
1473,Протвино,Московская область,2
1474,Пущино,Московская область,0
1475,Реутов,Московская область,0
1477,Рузский,Московская область,2
1478,Серебряные Пруды,Московская область,2
1480,Ступино,Московская область,2
1481,Фрязино,Московская область,0
1483,Черноголовка,Московская область,2
1484,Чехов,Московская область,0
1486,Шаховская,Московская область,1
1488,Электросталь,Московская область,0
1489,Волоколамский,Московская область,4
1490,Воскресенск,Московская область,1
1491,Дмитровский,Московская область,0
1492,Клин,Московская область,0
1493,Ленинский,Московская область,0
1494,Лотошино,Московская область,4
1495,Можайский,Московская область,1
1496,Богородский,Московская область,0
1500,Раменский,Московская область,0
1501,Сергиево-Посадский,Московская область,0
1504,Талдомский,Московская область,1
1506,Мурманск,Мурманская область,0
1507,Апатиты,Мурманская область,2
1508,Кировск,Мурманская область,2
1509,Мончегорск,Мурманская область,3
1510,Оленегорск,Мурманская область,1
1511,Полярные Зори,Мурманская область,2
1512,Ковдорский,Мурманская область,4
1518,Кандалакшский,Мурманская область,3
1519,Кольский,Мурманская область,5
1520,Ловозерский,Мурманская область,0
1521,Печенгский,Мурманская область,2
1522,Терский,Мурманская область,0
1523,Нижний Новгород,Нижегородская область,0
1525,Бор,Нижегородская область,2
1526,Выкса,Нижегородская область,1
1527,Дзержинск,Нижегородская область,1
1528,Кулебаки,Нижегородская область,2
1529,Навашинский,Нижегородская область,0
1530,Перевозский,Нижегородская область,4
1532,Семеновский,Нижегородская область,0
1533,Шахунья,Нижегородская область,2
1534,Первомайск,Нижегородская область,6
1535,Сокольский,Нижегородская область,0
1536,Чкаловск,Нижегородская область,2
1537,Ардатовский,Нижегородская область,1
1539,Балахнинский,Нижегородская область,1
1540,Богородский,Нижегородская область,2
1541,Большеболдинский,Нижегородская область,0
1542,Большемурашкинский,Нижегородская область,6
1543,Бутурлинский,Нижегородская область,3
1544,Вадский,Нижегородская область,6
1545,Варнавинский,Нижегородская область,0
1546,Вачский,Нижегородская область,4
1547,Ветлужский,Нижегородская область,0
1548,Вознесенский,Нижегородская область,2
1549,Володарский,Нижегородская область,0
1550,Воротынский,Нижегородская область,3
1551,Воскресенский,Нижегородская область,0
1552,Гагинский,Нижегородская область,0
1553,Городецкий,Нижегородская область,1
1554,Дальнеконстантиновский,Нижегородская область,12
1555,Дивеевский,Нижегородская область,5
1556,Княгининский,Нижегородская область,8
1557,Ковернинский,Нижегородская область,2
1558,Краснобаковский,Нижегородская область,2
1559,Краснооктябрьский,Нижегородская область,0
1560,Кстовский,Нижегородская область,1
1561,Лукояновский,Нижегородская область,0
1562,Лысковский,Нижегородская область,0
1563,Павловский,Нижегородская область,1
1564,Пильнинский,Нижегородская область,4
1565,Починковский,Нижегородская область,2
1566,Сергачский,Нижегородская область,2
1567,Сеченовский,Нижегородская область,0
1568,Сосновский,Нижегородская область,3
1569,Спасский,Нижегородская область,0
1570,Тонкинский,Нижегородская область,3
1571,Тоншаевский,Нижегородская область,2
1572,Уренский,Нижегородская область,3
1573,Шарангский,Нижегородская область,2
1574,Шатковский,Нижегородская область,0
1575,Великий Новгород,Новгородская область,5
1577,Боровичский,Новгородская область,1
1578,Валдайский,Новгородская область,0
1579,Волотовский,Новгородская область,8
1580,Демянский,Новгородская область,0
1581,Крестецкий,Новгородская область,3
1582,Любытинский,Новгородская область,2
1583,Маловишерский,Новгородская область,0
1584,Марёвский,Новгородская область,2
1585,Мошенской,Новгородская область,0
1586,Новгородский,Новгородская область,1
1587,Окуловский,Новгородская область,8
1588,Парфинский,Новгородская область,0
1589,Пестовский,Новгородская область,0
1590,Поддорский,Новгородская область,11
1591,Солецкий,Новгородская область,2
1592,Старорусский,Новгородская область,0
1593,Хвойнинский,Новгородская область,4
1594,Холмский,Новгородская область,13
1595,Чудовский,Новгородская область,0
1596,Шимский,Новгородская область,10
1597,Новосибирск,Новосибирская область,0
1598,Бердск,Новосибирская область,1
1599,Искитим,Новосибирская область,2
1600,Обь,Новосибирская область,1
1601,Кольцово,Новосибирская область,0
1602,Баганский,Новосибирская область,4
1603,Барабинский,Новосибирская область,3
1604,Болотнинский,Новосибирская область,5
1605,Венгеровский,Новосибирская область,0
1606,Доволенский,Новосибирская область,2
1607,Здвинский,Новосибирская область,0
1608,Искитимский,Новосибирская область,0
1609,Карасукский,Новосибирская область,1
1610,Каргатский,Новосибирская область,5
1611,Колыванский,Новосибирская область,7
1612,Коченевский,Новосибирская область,0
1613,Кочковский,Новосибирская область,0
1614,Краснозерский,Новосибирская область,0
1615,Куйбышевский,Новосибирская область,1
1616,Купинский,Новосибирская область,4
1617,Кыштовский,Новосибирская область,0
1618,Маслянинский,Новосибирская область,5
1619,Мошковский,Новосибирская область,1
1620,Новосибирский,Новосибирская область,0
1621,Ордынский,Новосибирская область,4
1622,Северный,Новосибирская область,2
1623,Сузунский,Новосибирская область,3
1624,Татарский,Новосибирская область,0
1625,Тогучинский,Новосибирская область,8
1626,Убинский,Новосибирская область,0
1627,Усть-Таркский,Новосибирская область,8
1628,Чановский,Новосибирская область,8
1629,Черепановский,Новосибирская область,4
1630,Чистоозерный,Новосибирская область,6
1631,Чулымский,Новосибирская область,1
1632,Омск,Омская область,0
1633,Азовский немецкий,Омская область,0
1634,Большереченский,Омская область,3
1635,Большеуковский,Омская область,5
1636,Горьковский,Омская область,2
1637,Знаменский,Омская область,6
1638,Исилькульский,Омская область,2
1639,Калачинский,Омская область,2
1640,Колосовский,Омская область,4
1641,Кормиловский,Омская область,0
1642,Крутинский,Омская область,4
1643,Любинский,Омская область,0
1644,Марьяновский,Омская область,2
1645,Москаленский,Омская область,2
1646,Муромцевский,Омская область,6
1647,Называевский,Омская область,2
1648,Нижнеомский,Омская область,6
1649,Нововаршавский,Омская область,3
1650,Одесский,Омская область,5
1651,Оконешниковский,Омская область,7
1652,Омский,Омская область,4
1653,Павлоградский,Омская область,4
1654,Полтавский,Омская область,3
1655,Русско-Полянский,Омская область,11
1656,Саргатский,Омская область,7
1657,Седельниковский,Омская область,5
1658,Таврический,Омская область,0
1659,Тарский,Омская область,5
1660,Тевризский,Омская область,9
1661,Тюкалинский,Омская область,4
1662,Усть-Ишимский,Омская область,1
1663,Черлакский,Омская область,6
1664,Шербакульский,Омская область,4
1665,Оренбург,Оренбургская область,1
1666,Абдулинский,Оренбургская область,4
1667,Бугуруслан,Оренбургская область,1
1668,Бузулук,Оренбургская область,2
1669,Гайский,Оренбургская область,1
1670,Кувандыкский,Оренбургская область,0
1671,Медногорск,Оренбургская область,0
1672,Новотроицк,Оренбургская область,1
1673,Орск,Оренбургская область,1
1674,Соль-Илецкий,Оренбургская область,1
1675,Сорочинский,Оренбургская область,1
1676,Ясненский,Оренбургская область,1
1678,Адамовский,Оренбургская область,9
1679,Акбулакский,Оренбургская область,0
1680,Александровский,Оренбургская область,4
1681,Асекеевский,Оренбургская область,1
1682,Беляевский,Оренбургская область,2
1683,Бугурусланский,Оренбургская область,5
1685,Грачёвский,Оренбургская область,3
1686,Домбаровский,Оренбургская область,0
1687,Илекский,Оренбургская область,5
1688,Кваркенский,Оренбургская область,4
1689,Красногвардейский,Оренбургская область,0
1690,Курманаевский,Оренбургская область,6
1691,Матвеевский,Оренбургская область,1
1692,Новоорский,Оренбургская область,0
1693,Новосергиевский,Оренбургская область,6
1694,Октябрьский,Оренбургская область,0
1696,Первомайский,Оренбургская область,5
1697,Переволоцкий,Оренбургская область,4
1698,Пономарёвский,Оренбургская область,8
1699,Сакмарский,Оренбургская область,1
1700,Саракташский,Оренбургская область,0
1701,Светлинский,Оренбургская область,0
1702,Северный,Оренбургская область,4
1703,Ташлинский,Оренбургская область,4
1704,Тоцкий,Оренбургская область,0
1705,Тюльганский,Оренбургская область,0
1706,Шарлыкский,Оренбургская область,9
1707,Орёл,Орловская область,3
1708,Ливны,Орловская область,2
1709,Мценск,Орловская область,0
1710,Болховский,Орловская область,1
1711,Верховский,Орловская область,1
1712,Глазуновский,Орловская область,9
1714,Должанский,Орловская область,2
1715,Залегощенский,Орловская область,6
1717,Колпнянский,Орловская область,5
1718,Краснозоренский,Орловская область,4
1719,Кромской,Орловская область,2
1722,Малоархангельский,Орловская область,2
1724,Новодеревеньковский,Орловская область,0
1725,Новосильский,Орловская область,2
1726,Орловский,Орловская область,1
1727,Покровский,Орловская область,0
1728,Свердловский,Орловская область,4
1730,Троснянский,Орловская область,8
1731,Урицкий,Орловская область,2
1732,Хотынецкий,Орловская область,0
1733,Шаблыкинский,Орловская область,8
1737,Башмаковский,Пензенская область,0
1738,Бековский,Пензенская область,0
1739,Белинский,Пензенская область,0
1740,Бессоновский,Пензенская область,3
1741,Вадинский,Пензенская область,0
1742,Городищенский,Пензенская область,4
1743,Земетчинский,Пензенская область,0
1744,Иссинский,Пензенская область,2
1745,Каменский,Пензенская область,5
1746,Камешкирский,Пензенская область,0
1747,Колышлейский,Пензенская область,2
1749,Лопатинский,Пензенская область,0
1750,Лунинский,Пензенская область,2
1751,Малосердобинский,Пензенская область,7
1752,Мокшанский,Пензенская область,4
1753,Наровчатский,Пензенская область,0
1754,Неверкинский,Пензенская область,1
1755,Нижнеломовский,Пензенская область,4
1756,Никольский,Пензенская область,0
1757,Пачелмский,Пензенская область,2
1758,Пензенский,Пензенская область,1
1759,Сердобский,Пензенская область,2
1760,Сосновоборский,Пензенская область,1
1761,Спасский,Пензенская область,0
1762,Тамалинский,Пензенская область,0
1764,Псков,Псковская область,1
1765,Великие Луки,Псковская область,1
1766,Бежаницкий,Псковская область,2
1768,Гдовский,Псковская область,0
1769,Дедовичский,Псковская область,7
1770,Дновский,Псковская область,0
1771,Красногородский,Псковская область,0
1773,Локнянский,Псковская область,6
1774,Невельский,Псковская область,1
1775,Новоржевский,Псковская область,4
1776,Новосокольнический,Псковская область,0
1777,Опочецкий,Псковская область,0
1778,Островский,Псковская область,2
1780,Печорский,Псковская область,0
1781,Плюсский,Псковская область,4
1782,Порховский,Псковская область,0
1783,Псковский,Псковская область,0
1784,Пустошкинский,Псковская область,2
1785,Пушкиногорский,Псковская область,5
1786,Пыталовский,Псковская область,0
1787,Себежский,Псковская область,2
1788,Струго-Красненский,Псковская область,5
1845,Рязань,Рязанская область,3
1846,Касимов,Рязанская область,2
1848,Скопин,Рязанская область,0
1849,Ермишинский,Рязанская область,6
1850,Захаровский,Рязанская область,7
1851,Кадомский,Рязанская область,3
1852,Касимовский,Рязанская область,3
1853,Клепиковский,Рязанская область,2
1854,Кораблинский,Рязанская область,0
1855,Милославский,Рязанская область,0
1856,Михайловский,Рязанская область,0
1857,Александро-Невский,Рязанская область,3
1858,Пителинский,Рязанская область,8
1859,Пронский,Рязанская область,2
1860,Путятинский,Рязанская область,2
1861,Рыбновский,Рязанская область,0
1862,Ряжский,Рязанская область,3
1863,Рязанский,Рязанская область,2
1864,Сапожковский,Рязанская область,0
1865,Сараевский,Рязанская область,0
1868,Спасский,Рязанская область,8
1869,Старожиловский,Рязанская область,1
1870,Ухоловский,Рязанская область,0
1871,Чучковский,Рязанская область,10
1872,Шацкий,Рязанская область,0
1873,Шиловский,Рязанская область,5
1874,Самара,Самарская область,0
1875,Жигулевск,Самарская область,1
1876,Кинель,Самарская область,3
1877,Новокуйбышевск,Самарская область,3
1878,Октябрьск,Самарская область,0
1879,Отрадный,Самарская область,2
1880,Похвистнево,Самарская область,5
1881,Сызрань,Самарская область,1
1883,Чапаевск,Самарская область,1
1884,Алексеевский,Самарская область,4
1885,Безенчукский,Самарская область,0
1886,Богатовский,Самарская область,0
1887,Большеглушицкий,Самарская область,0
1888,Большечерниговский,Самарская область,4
1889,Борский,Самарская область,6
1890,Волжский,Самарская область,1
1891,Елховский,Самарская область,2
1892,Исаклинский,Самарская область,0
1893,Камышлинский,Самарская область,8
1894,Кинельский,Самарская область,3
1895,Кинель-Черкасский,Самарская область,0
1896,Клявлинский,Самарская область,0
1897,Кошкинский,Самарская область,2
1898,Красноармейский,Самарская область,4
1899,Красноярский,Самарская область,0
1900,Нефтегорский,Самарская область,0
1901,Пестравский,Самарская область,6
1902,Похвистневский,Самарская область,3
1903,Приволжский,Самарская область,8
1904,Сергиевский,Самарская область,0
1905,Ставропольский,Самарская область,3
1906,Сызранский,Самарская область,3
1907,Хворостянский,Самарская область,0
1908,Челно-Вершинский,Самарская область,2
1909,Шенталинский,Самарская область,0
1910,Шигонский,Самарская область,5
1912,Шиханы,Саратовская область,5
1915,Александрово-Гайский,Саратовская область,0
1916,Аркадакский,Саратовская область,0
1917,Аткарский,Саратовская область,7
1918,Базарно-Карабулакский,Саратовская область,0
1919,Балаковский,Саратовская область,2
1920,Балашовский,Саратовская область,1
1921,Балтайский,Саратовская область,0
1922,Вольский,Саратовская область,1
1923,Воскресенский,Саратовская область,7
1924,Дергачевский,Саратовская область,2
1925,Духовницкий,Саратовская область,6
1926,Екатериновский,Саратовская область,2
1927,Ершовский,Саратовская область,0
1928,Ивантеевский,Саратовская область,0
1929,Калининский,Саратовская область,0
1930,Красноармейский,Саратовская область,6
1931,Краснокутский,Саратовская область,2
1932,Краснопартизанский,Саратовская область,4
1933,Лысогорский,Саратовская область,0
1934,Марксовский,Саратовская область,2
1935,Новобурасский,Саратовская область,2
1936,Новоузенский,Саратовская область,7
1937,Озинский,Саратовская область,3
1938,Перелюбский,Саратовская область,6
1939,Петровский,Саратовская область,2
1940,Питерский,Саратовская область,0
1941,Пугачевский,Саратовская область,0
1942,Ровенский,Саратовская область,6
1943,Романовский,Саратовская область,4
1944,Ртищевский,Саратовская область,5
1945,Самойловский,Саратовская область,0
1947,Советский,Саратовская область,0
1948,Татищевский,Саратовская область,4
1949,Турковский,Саратовская область,0
1950,Федоровский,Саратовская область,0
1951,Хвалынский,Саратовская область,3
1952,Энгельсский,Саратовская область,1
1954,Александровск-Сахалинский,Сахалинская область,2
1955,Анивский,Сахалинская область,7
1956,Долинский,Сахалинская область,3
1957,Корсаковский,Сахалинская область,1
1958,Курильский,Сахалинская область,0
1959,Макаровский,Сахалинская область,7
1960,Невельский,Сахалинская область,4
1961,Ногликский,Сахалинская область,3
1962,Охинский,Сахалинская область,0
1963,Поронайский,Сахалинская область,1
1965,Смирныховский,Сахалинская область,10
1966,Томаринский,Сахалинская область,6
1967,Тымовский,Сахалинская область,8
1968,Углегорский,Сахалинская область,0
1969,Холмский,Сахалинская область,0
1970,Южно-Курильский,Сахалинская область,0
1971,Екатеринбург,Свердловская область,0
1972,Алапаевск,Свердловская область,0
1973,Артемовский,Свердловская область,0
1974,Асбестовский,Свердловская область,2
1975,Малышевский,Свердловская область,0
1976,Рефтинский,Свердловская область,0
1977,Березовский,Свердловская область,0
1978,Богданович,Свердловская область,1
1979,Верхняя Пышма,Свердловская область,0
1980,Среднеуральск,Свердловская область,3
1981,Верхнесалдинский,Свердловская область,0
1982,Заречный,Свердловская область,1
1983,Ивдельский,Свердловская область,1
1984,Пелым,Свердловская область,6
1985,Ирбит,Свердловская область,5
1986,Каменск-Уральский,Свердловская область,3
1987,Камышловский,Свердловская область,8
1988,Карпинск,Свердловская область,0
1989,Волчанский,Свердловская область,0
1990,Качканарский,Свердловская область,1
1991,Кировградский,Свердловская область,0
1992,Верхний Тагил,Свердловская область,1
1993,Краснотурьинск,Свердловская область,5
1994,Красноуральск,Свердловская область,0
1995,Красноуфимск,Свердловская область,2
1996,Кушвинский,Свердловская область,0
1997,Верхняя Тура,Свердловская область,0
1999,Невьянский,Свердловская область,2
2000,Нижний Тагил,Свердловская область,1
2001,Нижняя Салда,Свердловская область,0
2002,Нижнетуринский,Свердловская область,0
2004,Первоуральск,Свердловская область,1
2005,Полевской,Свердловская область,2
2006,Ревда,Свердловская область,3
2007,Дегтярск,Свердловская область,0
2008,Режевской,Свердловская область,0
2009,Североуральский,Свердловская область,0
2010,Серовский,Свердловская область,3
2011,Сухой Лог,Свердловская область,0
2012,Тавдинский,Свердловская область,0
2015,Алапаевское,Свердловская область,0
2017,Артинский,Свердловская область,5
2018,Ачитский,Свердловская область,6
2019,Белоярский,Свердловская область,3
2021,Верхотурский,Свердловская область,2
2022,Гаринский,Свердловская область,10
2023,Ирбитское,Свердловская область,5
2024,Каменский,Свердловская область,3
2025,Красноуфимский,Свердловская область,0
2027,Бисертский,Свердловская область,2
2028,Новолялинский,Свердловская область,0
2030,Пышминский,Свердловская область,5
2031,Сосьвинский,Свердловская область,0
2032,Сысертский,Свердловская область,3
2033,Арамильский,Свердловская область,1
2034,Талицкий,Свердловская область,3
2035,Тугулымский,Свердловская область,0
2036,Туринский,Свердловская область,0
2037,Шалинский,Свердловская область,9
2039,Байкаловский,Свердловская область,3
2040,Камышловский,Свердловская область,5
2041,Слободо-Туринский,Свердловская область,2
2042,Нижнесергинский,Свердловская область,0
2043,Таборинский,Свердловская область,11
2044,Смоленск,Смоленская область,1
2045,Десногорск,Смоленская область,2
2046,Велижский,Смоленская область,4
2047,Вяземский,Смоленская область,1
2048,Гагаринский,Смоленская область,1
2049,Глинковский,Смоленская область,2
2050,Демидовский,Смоленская область,4
2051,Дорогобужский,Смоленская область,0
2052,Духовщинский,Смоленская область,11
2053,Ельнинский,Смоленская область,10
2054,Ершичский,Смоленская область,2
2055,Кардымовский,Смоленская область,0
2056,Краснинский,Смоленская область,2
2057,Монастырщинский,Смоленская область,4
2058,Новодугинский,Смоленская область,4
2059,Починковский,Смоленская область,2
2060,Рославльский,Смоленская область,1
2061,Руднянский,Смоленская область,5
2062,Сафоновский,Смоленская область,0
2063,Смоленский,Смоленская область,1
2064,Сычевский,Смоленская область,5
2065,Темкинский,Смоленская область,2
2066,Угранский,Смоленская область,7
2067,Хиславичский,Смоленская область,0
2068,Холм-Жирковский,Смоленская область,0
2069,Шумячский,Смоленская область,2
2070,Ярцевский,Смоленская область,0
2072,Кирсанов,Тамбовская область,0
2073,Котовск,Тамбовская область,0
2074,Мичуринск,Тамбовская область,1
2075,Моршанск,Тамбовская область,0
2076,Рассказово,Тамбовская область,2
2077,Уварово,Тамбовская область,2
2078,Бондарский,Тамбовская область,0
2079,Гавриловский,Тамбовская область,0
2080,Жердевский,Тамбовская область,0
2081,Знаменский,Тамбовская область,6
2082,Инжавинский,Тамбовская область,0
2085,Мордовский,Тамбовская область,0
2087,Мучкапский,Тамбовская область,0
2088,Никифоровский,Тамбовская область,0
2089,Первомайский,Тамбовская область,0
2090,Петровский,Тамбовская область,4
2091,Пичаевский,Тамбовская область,2
2093,Ржаксинский,Тамбовская область,0
2094,Сампурский,Тамбовская область,5
2095,Сосновский,Тамбовская область,0
2096,Староюрьевский,Тамбовская область,0
2098,Токарёвский,Тамбовская область,0
2100,Умётский,Тамбовская область,4
2101,Тверь,Тверская область,1
2105,Осташковский,Тверская область,0
2108,Торжок,Тверская область,1
2109,Удомельский,Тверская область,0
2110,Андреапольский,Тверская область,6
2111,Бежецкий,Тверская область,0
2112,Бельский,Тверская область,7
2113,Бологовский,Тверская область,4
2114,Весьегонский,Тверская область,9
2116,Жарковский,Тверская область,0
2117,Западнодвинский,Тверская область,2
2118,Зубцовский,Тверская область,4
2119,Калининский,Тверская область,1
2120,Калязинский,Тверская область,4
2121,Кашинский,Тверская область,2
2122,Кесовогорский,Тверская область,0
2124,Конаковский,Тверская область,1
2125,Краснохолмский,Тверская область,0
2126,Кувшиновский,Тверская область,5
2127,Лесной,Тверская область,0
2128,Лихославльский,Тверская область,5
2129,Максатихинский,Тверская область,0
2130,Молоковский,Тверская область,9
2131,Нелидовский,Тверская область,0
2132,Оленинский,Тверская область,5
2133,Пеновский,Тверская область,2
2134,Рамешковский,Тверская область,7
2136,Сандовский,Тверская область,10
2137,Селижаровский,Тверская область,0
2138,Сонковский,Тверская область,0
2139,Спировский,Тверская область,3
2140,Старицкий,Тверская область,0
2142,Торопецкий,Тверская область,0
2143,Фировский,Тверская область,2
2144,Томск,Томская область,0
2145,Кедровый,Томская область,2
2146,Стрежевой,Томская область,3
2148,Александровский,Томская область,1
2149,Асиновский,Томская область,4
2150,Бакчарский,Томская область,8
2151,Верхнекетский,Томская область,1
2152,Зырянский,Томская область,0
2153,Каргасокский,Томская область,0
2154,Кожевниковский,Томская область,7
2155,Колпашевский,Томская область,0
2156,Кривошеинский,Томская область,0
2157,Молчановский,Томская область,8
2158,Парабельский,Томская область,0
2159,Первомайский,Томская область,2
2160,Тегульдетский,Томская область,5
2161,Томский,Томская область,0
2162,Чаинский,Томская область,0
2163,Шегарский,Томская область,2
2164,Тула,Тульская область,1
2165,Алексин,Тульская область,1
2167,Донской,Тульская область,1
2168,Ефремов,Тульская область,1
2169,Новомосковск,Тульская область,2
2171,Арсеньевский,Тульская область,5
2172,Белевский,Тульская область,5
2173,Богородицкий,Тульская область,0
2174,Веневский,Тульская область,0
2175,Воловский,Тульская область,1
2176,Дубенский,Тульская область,2
2177,Заокский,Тульская область,1
2178,Каменский,Тульская область,11
2179,Кимовский,Тульская область,0
2180,Киреевский,Тульская область,0
2181,Куркинский,Тульская область,3
2182,Одоевский,Тульская область,11
2183,Плавский,Тульская область,0
2184,Суворовский,Тульская область,4
2185,Тепло-Огаревский,Тульская область,0
2186,Узловский,Тульская область,0
2187,Чернский,Тульская область,4
2188,Щекинский,Тульская область,1
2189,Ясногорский,Тульская область,0
2190,Тюмень,Тюменская область,0
2191,Заводоуковский,Тюменская область,0
2192,Ишим,Тюменская область,3
2193,Тобольск,Тюменская область,1
2194,Ялуторовск,Тюменская область,0
2195,Абатский,Тюменская область,4
2196,Армизонский,Тюменская область,2
2197,Аромашевский,Тюменская область,2
2198,Бердюжский,Тюменская область,3
2199,Вагайский,Тюменская область,3
2200,Викуловский,Тюменская область,3
2201,Голышмановский,Тюменская область,1
2202,Исетский,Тюменская область,3
2203,Ишимский,Тюменская область,0
2204,Казанский,Тюменская область,4
2205,Нижнетавдинский,Тюменская область,10
2206,Омутинский,Тюменская область,4
2207,Сладковский,Тюменская область,0
2208,Сорокинский,Тюменская область,2
2210,Тюменский,Тюменская область,0
2211,Уватский,Тюменская область,0
2212,Упоровский,Тюменская область,3
2213,Юргинский,Тюменская область,2
2215,Ярковский,Тюменская область,4
2216,Ханты-Мансийск,Ханты-Мансийский автономный округ — Югра,0
2217,Когалым,Ханты-Мансийский автономный округ — Югра,0
2218,Лангепас,Ханты-Мансийский автономный округ — Югра,6
2219,Мегион,Ханты-Мансийский автономный округ — Югра,4
2220,Нефтеюганск,Ханты-Мансийский автономный округ — Югра,0
2221,Нижневартовск,Ханты-Мансийский автономный округ — Югра,0
2222,Нягань,Ханты-Мансийский автономный округ — Югра,5
2223,Покачи,Ханты-Мансийский автономный округ — Югра,5
2224,Пыть-Ях,Ханты-Мансийский автономный округ — Югра,3
2225,Радужный,Ханты-Мансийский автономный округ — Югра,3
2226,Сургут,Ханты-Мансийский автономный округ — Югра,0
2227,Урай,Ханты-Мансийский автономный округ — Югра,1
2228,Югорск,Ханты-Мансийский автономный округ — Югра,1
2229,Белоярский,Ханты-Мансийский автономный округ — Югра,6
2230,Березовский,Ханты-Мансийский автономный округ — Югра,10
2231,Кондинский,Ханты-Мансийский автономный округ — Югра,4
2232,Нефтеюганский,Ханты-Мансийский автономный округ — Югра,6
2233,Нижневартовский,Ханты-Мансийский автономный округ — Югра,1
2234,Октябрьский,Ханты-Мансийский автономный округ — Югра,0
2235,Советский,Ханты-Мансийский автономный округ — Югра,3
2236,Сургутский,Ханты-Мансийский автономный округ — Югра,4
2237,Ханты-Мансийский,Ханты-Мансийский автономный округ — Югра,3
2238,Салехард,Ямало-Ненецкий автономный округ,2
2241,Муравленко,Ямало-Ненецкий автономный округ,6
2242,Новый Уренгой,Ямало-Ненецкий автономный округ,0
2243,Ноябрьск,Ямало-Ненецкий автономный округ,0
2244,Красноселькупский,Ямало-Ненецкий автономный округ,0
2245,Надымский,Ямало-Ненецкий автономный округ,4
2248,Тазовский,Ямало-Ненецкий автономный округ,7
2249,Шурышкарский,Ямало-Ненецкий автономный округ,0
2250,Ямальский,Ямало-Ненецкий автономный округ,0
2251,Ульяновск,Ульяновская область,1
2252,Димитровград,Ульяновская область,1
2253,Новоульяновск,Ульяновская область,0
2254,Базарносызганский,Ульяновская область,2
2255,Барышский,Ульяновская область,0
2256,Вешкаймский,Ульяновская область,0
2257,Инзенский,Ульяновская область,0
2258,Карсунский,Ульяновская область,0
2259,Кузоватовский,Ульяновская область,0
2260,Майнский,Ульяновская область,2
2262,Николаевский,Ульяновская область,2
2264,Новоспасский,Ульяновская область,3
2265,Павловский,Ульяновская область,0
2266,Радищевский,Ульяновская область,0
2267,Сенгилеевский,Ульяновская область,6
2268,Старокулаткинский,Ульяновская область,2
2269,Старомайнский,Ульяновская область,8
2270,Сурский,Ульяновская область,0
2271,Тереньгульский,Ульяновская область,2
2272,Ульяновский,Ульяновская область,0
2274,Чердаклинский,Ульяновская область,3
2275,Челябинский,Челябинская область,0
2276,Верхнеуфалейский,Челябинская область,0
2278,Карабашский,Челябинская область,0
2279,Копейский,Челябинская область,2
2280,Кыштымский,Челябинская область,1
2281,Магнитогорский,Челябинская область,1
2282,Миасский,Челябинская область,3
2286,Троицкий,Челябинская область,1
2287,Усть-Катавский,Челябинская область,0
2288,Чебаркульский,Челябинская область,4
2289,Южноуральский,Челябинская область,1
2292,Аргаяшский,Челябинская область,4
2293,Ашинский,Челябинская область,0
2294,Брединский,Челябинская область,2
2295,Варненский,Челябинская область,7
2296,Верхнеуральский,Челябинская область,0
2297,Еманжелинский,Челябинская область,0
2298,Еткульский,Челябинская область,0
2299,Карталинский,Челябинская область,0
2300,Каслинский,Челябинская область,0
2301,Катав-Ивановский,Челябинская область,3
2302,Кизильский,Челябинская область,2
2303,Коркинский,Челябинская область,0
2304,Красноармейский,Челябинская область,2
2305,Кунашакский,Челябинская область,6
2307,Нагайбакский,Челябинская область,5
2308,Нязепетровский,Челябинская область,5
2309,Октябрьский,Челябинская область,6
2310,Пластовский,Челябинская область,0
2311,Саткинский,Челябинская область,1
2312,Сосновский,Челябинская область,1
2314,Увельский,Челябинская область,2
2315,Уйский,Челябинская область,8
2316,Чебаркульский,Челябинская область,2
2317,Чесменский,Челябинская область,5
2318,Ярославль,Ярославская область,1
2320,Рыбинск,Ярославская область,3
2321,Большесельский,Ярославская область,4
2322,Борисоглебский,Ярославская область,7
2323,Брейтовский,Ярославская область,0
2324,Гаврилов-Ямский,Ярославская область,0
2325,Даниловский,Ярославская область,0
2326,Любимский,Ярославская область,0
2327,Мышкинский,Ярославская область,0
2328,Некоузский,Ярославская область,0
2329,Некрасовский,Ярославская область,0
2330,Первомайский,Ярославская область,0
2332,Пошехонский,Ярославская область,2
2333,Ростовский,Ярославская область,2
2334,Рыбинский,Ярославская область,1
2335,Тутаевский,Ярославская область,0
2336,Угличский,Ярославская область,1
2337,Ярославский,Ярославская область,1
2338,Биробиджан,Еврейская автономная область,4
2339,Биробиджанский,Еврейская автономная область,10
2340,Ленинский,Еврейская автономная область,4
2341,Облученский,Еврейская автономная область,0
2342,Октябрьский,Еврейская автономная область,4
2343,Смидовичский,Еврейская автономная область,7
2344,Анадырь,Чукотский автономный округ,3
2345,Эгвекинот,Чукотский автономный округ,0
2348,Анадырский,Чукотский автономный округ,0
2349,Билибинский,Чукотский автономный округ,0
2351,Коломна,Санкт-Петербург,0
2352,Сенной,Санкт-Петербург,0
2353,Адмиралтейский,Санкт-Петербург,0
2354,Семеновский,Санкт-Петербург,0
2355,Измайловское,Санкт-Петербург,0
2356,Екатерингофский,Санкт-Петербург,0
2357,№ 7,Санкт-Петербург,0
2358,Васильевский,Санкт-Петербург,0
2359,Гавань,Санкт-Петербург,0
2360,Морской,Санкт-Петербург,0
2361,Остров Декабристов,Санкт-Петербург,0
2362,Левашово,Санкт-Петербург,0
2363,Парголово,Санкт-Петербург,0
2364,Сампсониевское,Санкт-Петербург,0
2365,Светлановское,Санкт-Петербург,0
2366,Сосновское,Санкт-Петербург,0
2367,№ 15,Санкт-Петербург,0
2368,Сергиевское,Санкт-Петербург,0
2369,Шувалово-Озерки,Санкт-Петербург,0
2370,Лисий Нос,Санкт-Петербург,0
2371,Лахта-Ольгино,Санкт-Петербург,0
2372,№ 65,Санкт-Петербург,0
2373,Ланское,Санкт-Петербург,0
2374,Комендантский аэродром,Санкт-Петербург,0
2375,Озеро Долгое,Санкт-Петербург,0
2376,Юнтолово,Санкт-Петербург,0
2377,Коломяги,Санкт-Петербург,0
2378,Гражданка,Санкт-Петербург,0
2379,Академическое,Санкт-Петербург,0
2380,Финляндский,Санкт-Петербург,0
2381,№ 21,Санкт-Петербург,0
2382,Пискаревка,Санкт-Петербург,0
2383,Северный,Санкт-Петербург,0
2384,Прометей,Санкт-Петербург,0
2385,Княжево,Санкт-Петербург,0
2386,Ульянка,Санкт-Петербург,0
2387,Дачное,Санкт-Петербург,0
2388,Автово,Санкт-Петербург,0
2389,Нарвский,Санкт-Петербург,0
2390,Красненькая речка,Санкт-Петербург,0
2391,Морские ворота,Санкт-Петербург,0
2392,Колпино,Санкт-Петербург,0
2393,Металлострой,Санкт-Петербург,0
2395,Понтонный,Санкт-Петербург,1
2398,Полюстрово,Санкт-Петербург,0
2399,Большая Охта,Санкт-Петербург,0
2400,Малая Охта,Санкт-Петербург,0
2401,Пороховые,Санкт-Петербург,0
2402,Ржевка,Санкт-Петербург,0
2403,Красное Село,Санкт-Петербург,0
2404,Юго-Запад,Санкт-Петербург,0
2405,Южно-Приморский,Санкт-Петербург,0
2406,Сосновая поляна,Санкт-Петербург,0
2407,Урицк,Санкт-Петербург,0
2408,Константиновское,Санкт-Петербург,0
2409,Горелово,Санкт-Петербург,0
2410,Кронштадт,Санкт-Петербург,0
2411,Зеленогорск,Санкт-Петербург,0
2412,Сестрорецк,Санкт-Петербург,0
2416,Песочный,Санкт-Петербург,0
2422,Ломоносов,Санкт-Петербург,0
2423,Московская застава,Санкт-Петербург,0
2424,Гагаринское,Санкт-Петербург,0
2425,Новоизмайловское,Санкт-Петербург,0
2426,Пулковский меридиан,Санкт-Петербург,0
2427,Звездное,Санкт-Петербург,0
2428,Невская застава,Санкт-Петербург,0
2429,Ивановский,Санкт-Петербург,0
2430,Обуховский,Санкт-Петербург,0
2431,Рыбацкое,Санкт-Петербург,0
2432,Народный,Санкт-Петербург,0
2433,№ 54,Санкт-Петербург,0
2434,Невский,Санкт-Петербург,0
2435,Оккервиль,Санкт-Петербург,0
2436,Правобережный,Санкт-Петербург,0
2437,Павловск,Санкт-Петербург,0
2439,Введенский,Санкт-Петербург,0
2440,Кронверкское,Санкт-Петербург,0
2441,Посадский,Санкт-Петербург,0
2442,Аптекарский остров,Санкт-Петербург,0
2443,Петровский,Санкт-Петербург,0
2444,Чкаловское,Санкт-Петербург,0
2445,Петергоф,Санкт-Петербург,0
2446,Стрельна,Санкт-Петербург,0
2447,Пушкин,Санкт-Петербург,0
2449,Шушары,Санкт-Петербург,0
2450,Волковское,Санкт-Петербург,0
2451,№ 72,Санкт-Петербург,0
2452,Купчино,Санкт-Петербург,0
2453,Георгиевский,Санкт-Петербург,0
2454,№ 75,Санкт-Петербург,0
2455,Балканский,Санкт-Петербург,0
2456,Дворцовый,Санкт-Петербург,0
2457,№ 78,Санкт-Петербург,0
2458,Литейный,Санкт-Петербург,0
2459,Смольнинское,Санкт-Петербург,0
2460,Лиговка-Ямская,Санкт-Петербург,0
2461,Владимирский,Санкт-Петербург,0
2462,Богородское,Москва,0
2463,Вешняки,Москва,0
2464,Восточное Измайлово,Москва,0
2465,Восточный,Москва,0
2466,Гольяново,Москва,0
2467,Ивановское,Москва,0
2468,Измайлово,Москва,0
2469,Косино-Ухтомский,Москва,0
2470,Новогиреево,Москва,0
2471,Новокосино,Москва,0
2472,Метро,Москва,0
2473,Перово,Москва,0
2474,Северное Измайлово,Москва,0
2475,Соколиная гора,Москва,0
2476,Сокольники,Москва,0
2477,Преображенское,Москва,0
2478,Внуково,Москва,0
2479,Дорогомилово,Москва,0
2480,Крылатское,Москва,0
2481,Кунцево,Москва,0
2482,Можайский,Москва,0
2483,Ново-Переделкино,Москва,0
2484,Очаково-Матвеевское,Москва,0
2485,Проспект Вернадского,Москва,0
2486,Раменки,Москва,0
2487,Солнцево,Москва,0
2488,Тропарево-Никулино,Москва,0
2489,Филевский парк,Москва,0
2490,Фили-Давыдково,Москва,0
2491,Крюково,Москва,0
2492,Матушкино,Москва,0
2493,Силино,Москва,0
2494,Аэропорт,Москва,0
2495,Беговой,Москва,0
2496,Бескудниковский,Москва,0
2497,Войковский,Москва,0
2498,Восточное Дегунино,Москва,0
2499,Головинский,Москва,0
2500,Дмитровский,Москва,0
2501,Западное Дегунино,Москва,0
2502,Коптево,Москва,0
2503,Левобережный,Москва,0
2504,Молжаниновский,Москва,0
2505,Савеловский,Москва,0
2506,Сокол,Москва,0
2507,Тимирязевский,Москва,0
2508,Ховрино,Москва,0
2509,Хорошевский,Москва,0
2510,Алексеевский,Москва,0
2511,Алтуфьевский,Москва,0
2512,Бабушкинский,Москва,0
2513,Бибирево,Москва,0
2514,Бутырский,Москва,0
2515,Лианозово,Москва,0
2516,Лосиноостровский,Москва,0
2517,Марфино,Москва,0
2518,Марьина роща,Москва,0
2519,Останкинский,Москва,0
2520,Отрадное,Москва,0
2521,Ростокино,Москва,0
2522,Свиблово,Москва,0
2523,Северное Медведково,Москва,0
2524,Северный,Москва,0
2525,Южное Медведково,Москва,0
2526,Ярославский,Москва,0
2527,Куркино,Москва,0
2528,Митино,Москва,0
2529,Покровское-Стрешнево,Москва,0
2530,Северное Тушино,Москва,0
2531,Строгино,Москва,0
2532,Хорошево-Мневники,Москва,0
2533,Щукино,Москва,0
2534,Южное Тушино,Москва,0
2535,Арбат,Москва,0
2536,Басманный,Москва,0
2537,Замоскворечье,Москва,0
2538,Савелки,Москва,0
2539,Красносельский,Москва,0
2540,Мещанский,Москва,0
2541,Пресненский,Москва,0
2542,Таганский,Москва,0
2543,Тверской,Москва,0
2544,Хамовники,Москва,0
2545,Якиманка,Москва,0
2546,Выхино-Жулебино,Москва,0
2547,Капотня,Москва,0
2548,Кузьминки,Москва,0
2549,Лефортово,Москва,0
2550,Люблино,Москва,0
2551,Марьино,Москва,0
2552,Некрасовка,Москва,0
2553,Нижегородский,Москва,0
2554,Печатники,Москва,0
2555,Рязанский,Москва,0
2556,Текстильщики,Москва,0
2557,Южнопортовый,Москва,0
2558,Академический,Москва,0
2559,Гагаринский,Москва,0
2560,Зюзино,Москва,0
2561,Коньково,Москва,0
2562,Котловка,Москва,0
2563,Ломоносовский,Москва,0
2564,Обручевский,Москва,0
2565,Северное Бутово,Москва,0
2566,Теплый Стан,Москва,0
2567,Черемушки,Москва,0
2568,Южное Бутово,Москва,0
2569,Ясенево,Москва,0
2570,Бирюлево Восточное,Москва,0
2571,Бирюлево Западное,Москва,0
2572,Братеево,Москва,0
2573,Даниловский,Москва,0
2574,Донской,Москва,0
2575,Зябликово,Москва,0
2576,Москворечье-Сабурово,Москва,0
2577,Нагатино-Садовники,Москва,0
2578,Нагатинский затон,Москва,0
2579,Нагорный,Москва,0
2580,Орехово-Борисово Северное,Москва,0
2581,Орехово-Борисово Южное,Москва,0
2582,Царицыно,Москва,0
2583,Чертаново Северное,Москва,0
2584,Чертаново Центральное,Москва,0
2585,Чертаново Южное,Москва,0
2586,Старое Крюково,Москва,0
2587,Троицк,Москва,0
2588,Щербинка,Москва,0
2589,Внуковское,Москва,0
2590,Воскресенское,Москва,0
2591,Вороновское,Москва,2
2592,Десеновское,Москва,0
2593,Киевский,Москва,3
2595,Кокошкино,Москва,3
2596,Краснопахорское,Москва,2
2597,Марушкинское,Москва,0
2598,Михайлово-Ярцевское,Москва,2
2599,Московский,Москва,0
2600,Мосрентген,Москва,0
2601,Новофедоровское,Москва,1
2602,Первомайское,Москва,0
2604,Рязановское,Москва,0
2605,Сосенское,Москва,0
2606,Филимонковское,Москва,0
2607,Щаповское,Москва,1
2618,Мантуровский,Костромская область,5
2619,Переславль-Залесский,Ярославская область,1
2620,Соликамский,Пермский край,3
2621,Березники,Пермский край,1
2644,Серпухов,Московская область,0
2646,Обнинск,Калужская область,0
2647,Боровский,Калужская область,2
2648,Лосино-Петровский,Московская область,0
2649,Щёлково,Московская область,0
2651,Одинцовский,Московская область,0
2652,Орехово-Зуевский,Московская область,1
2710,Вышневолоцкий,Тверская область,1
2808,Коломна,Московская область,0
2809,Кунгурский,Пермский край,2
2813,Шатура,Московская область,1
2814,Пушкинский,Московская область,0
2872,Приуральский,Ямало-Ненецкий автономный округ,3
2876,Кисловодск,Ставропольский край,0
2879,Губкинский,Ямало-Ненецкий автономный округ,3
2880,Лабытнанги,Ямало-Ненецкий автономный округ,1
2881,Предгорный,Ставропольский край,4
2882,Пуровский,Ямало-Ненецкий автономный округ,3
2883,Кимрский,Тверская область,1
2884,Ржевский,Тверская область,1
2885,Кудымкарский,Пермский край,3
2886,Губахинский,Пермский край,0
2887,Саратов,Саратовская область,1
3005,Арзамас,Нижегородская область,2
3007,Прокопьевский,Кемеровская область,1
3009,Тамбов,Тамбовская область,1
3011,Златоустовский,Челябинская область,2
3012,Кусинский,Челябинская область,2
3013,Солнечногорск,Московская область,0
