repeat,AVI,AVU,MQ,Q,k,min_cluster,max_cluster,SW,CH,CH_per_node,S_Dbw
0,0.19957212389730858,0.5280661360858937,-9.922331895473313e-05,0.0009042954165868746,5,106,605,-0.03997466081815497,0.5486690849312897,0.00027215728419210803,2.1209426083338814
1,0.19892601751175926,0.5263017628190261,6.752598571118512e-07,-0.0015054680687205824,5,106,605,-0.02012592813513396,1.1423351154167478,0.0005666344818535456,2.8781621170100387
2,0.2013922287657008,0.5248103107646358,0.00029063137030880225,-0.0010994385241439976,5,106,605,-0.02038223659820683,1.021127044153953,0.0005065114306319211,2.3935353498321437
3,0.20330709135342678,0.5277065159511505,0.00020012962445495244,0.003342248571477708,5,106,605,-0.04346099813910156,1.512305406614009,0.0007501514913759965,2.367953076530603
4,0.20113766813901707,0.5245225090618113,0.00010592769423273946,0.00014864141154361183,5,106,605,-0.019605871973724178,0.4195346483506449,0.00020810250414218497,2.5218382841358977
5,0.19916708571323044,0.526891072916927,-4.904644393344173e-05,-0.0012008679893608337,5,106,605,-0.02007438208816231,0.9906095829578122,0.0004913738010703433,2.316674964601388
6,0.20045226556124024,0.5279642719424799,-0.00012409336874102776,0.0018555643116236922,5,106,605,-0.028929579295436488,0.8046461970880258,0.0003991300580793779,2.237112663334031
7,0.1994909606054641,0.5268828534543013,-0.00017577817376567516,0.00133319556550366,5,106,605,-0.022773282576857585,0.9036462519884033,0.0004482372281688509,2.201493419265667
8,0.20067977366707784,0.5271288317361698,2.611652651508898e-05,0.0011459875355868798,5,106,605,-0.025118119404943805,1.6847978716490373,0.0008357132299846415,2.641375441968365
9,0.20086638332219192,0.5282924183340485,-2.6983065794917646e-05,0.0017868343192755372,5,106,605,-0.02922580465995211,0.9689385816112287,0.0004806242964341412,2.3029487829563697
10,0.2017605440827815,0.5267266607832799,5.680068219844625e-05,0.0024052963637949966,5,106,605,-0.05174525117593253,1.9235659027842151,0.000954149753365186,2.6699329468735504
11,0.20017227627294937,0.5251917581727135,-0.00015829473450252977,0.002258266513224698,5,106,605,-0.027917530197869637,0.8686273949976719,0.00043086676339170235,2.28500923846581
12,0.20124768925448455,0.5281245142275838,-0.0001055480344615712,0.0029566928780552304,5,106,605,-0.029978647982354136,0.6079648424764799,0.00030156986233952375,2.2972523265398963
13,0.19752520963788128,0.5262458250707057,-0.00017069402163031808,-0.001884874596165262,5,106,605,-0.03193317908410606,0.8431706780304518,0.00041823942362621613,2.3925922340475436
14,0.1966450191067132,0.5271911727208984,-0.00018146992294988326,-0.0031926303149395303,5,106,605,-0.02021357617304078,0.4905944038955449,0.00024335039875771075,2.384722118990104
15,0.1988204910287386,0.5273919346739795,5.6438906741861083e-05,-0.002053311594515424,5,106,605,-0.03474166654537653,0.6564212018181464,0.00032560575487011235,2.553772147958786
16,0.2001445918743499,0.5273550511474066,-1.7535068789781977e-05,0.0007325830870606041,5,106,605,-0.022641368821704762,1.4872247108274999,0.0007377106700533233,2.1072726163429274
17,0.19916300721856645,0.5284148346761443,-0.00011322816256906232,0.0004219471849948907,5,106,605,-0.05703535316332994,0.7402586841869044,0.0003671918076323931,2.534450764936197
18,0.20448565359630014,0.5265323977585387,7.57413454812901e-05,0.005838941305241811,5,106,605,-0.025406072282100945,0.8483795767467505,0.00042082320275136433,2.271401403568384
19,0.19752263997509728,0.5263757651046838,-0.00017687044382807757,-0.002161865635195718,5,106,605,-0.04727230460471853,1.4857144580614976,0.0007369615367368539,
