cluster,territory_id,name,region,distance_to_center,spending
1,2255,Барышский,Ульяновская область,0.1169848461519584,24692.0
1,1929,Калининский,Саратовская область,0.1522780856824826,26589.0
1,295,Инсарский,Республика Мордовия,0.17649136865844925,26084.0
1,521,Волчихинский,Алтайский край,0.17817674484969745,24785.0
1,1784,Пустошкинский,Псковская область,0.17830451150131332,27898.0
2,510,Рубцовск,Алтайский край,0.12343974955431909,36572.0
2,686,Березовский,Красноярский край,0.13669349824779253,39676.0
2,1881,Сызрань,Самарская область,0.17334615096566972,38638.0
2,452,Черногорск,Республика Хакасия,0.17925280362005291,37386.0
2,2809,Кунгурский,Пермский край,0.18263877409495116,36149.0
3,271,Козьмодемьянск,Республика Марий Эл,0.09797196585359587,28724.0
3,2298,Еткульский,Челябинская область,0.15122885231530675,31211.0
3,1056,Грязовецкий,Вологодская область,0.1841014131663917,29556.0
3,2174,Веневский,Тульская область,0.18894349745324734,33356.0
3,1125,Приволжский,Ивановская область,0.19252259663573595,30883.0
4,333,Олекминский,Республика Саха (Якутия),0.29558212866252725,54725.0
4,1962,Охинский,Сахалинская область,0.3008274583895795,52816.0
4,917,Заполярный,Ненецкий автономный округ,0.3273026843359903,51796.0
4,875,Зейский,Амурская область,0.34071911580789316,45655.0
4,330,Нерюнгринский,Республика Саха (Якутия),0.347439278460279,54028.0
5,2584,Чертаново Центральное,Москва,0.04692694502322727,59645.0
5,2546,Выхино-Жулебино,Москва,0.061651524476441816,59723.0
5,2534,Южное Тушино,Москва,0.0805073653755348,61490.0
5,2580,Орехово-Борисово Северное,Москва,0.08281286091305975,62047.0
5,2569,Ясенево,Москва,0.08647784279086708,62719.0
