category,month_of_year,median_2023,median_2024,median_change_pp
Продовольствие,1,0.45287517334697014,0.4573636794240242,-0.16061006901018915
Продовольствие,2,0.4493885945401437,0.4483371484164347,-0.6997291011910212
Продовольствие,3,0.44898804185103114,0.44803546637025476,-0.5651269657646646
Продовольствие,4,0.4714268163440387,0.4508292003625776,-1.9411399235372468
Продовольствие,5,0.4727718888365662,0.4632739638879856,-0.9638988940255611
Продовольствие,6,0.4783267955714159,0.4603307827075619,-1.7177270394448885
Продовольствие,7,0.47198388545498604,0.45606235890708524,-1.4468717228223182
Продовольствие,8,0.4561374679370955,0.42408680058518994,-2.7503173147332833
Продовольствие,9,0.4554695636088191,0.4252590974463882,-2.7006097135744147
Продовольствие,10,0.44752269162127073,0.4182576641201019,-2.4034931318387134
Продовольствие,11,0.439554637579811,0.4139052095418157,-2.090003325863604
Продовольствие,12,0.4601282846220073,0.42429862814732433,-3.1240850000180176
Здоровье,1,0.057111412255737015,0.05524275430514927,-0.16008227896675586
Здоровье,2,0.057617061000402564,0.05382079223344345,-0.30306795849095874
Здоровье,3,0.05596653028538516,0.050630165232678506,-0.4541867685693996
Здоровье,4,0.05050472700056009,0.04906326975395447,-0.09248209624206326
Здоровье,5,0.04719460869067346,0.04543642333493475,-0.15099012359412745
Здоровье,6,0.04468573722845294,0.041744809911565255,-0.271935840930854
Здоровье,7,0.04301431411696865,0.04246548473753753,-0.029928223641384477
Здоровье,8,0.046400562743495535,0.04282315962017085,-0.3228189498534564
Здоровье,9,0.050604584734366895,0.04993458905201972,-0.0583751751519021
Здоровье,10,0.05121462938135804,0.05104327252483727,0.003886490960064784
Здоровье,11,0.0507243761568101,0.048925935426541306,-0.1332906151110782
Здоровье,12,0.04546024988672628,0.04226578365880247,-0.2956760828471919
Маркетплейсы,1,0.09288838716458389,0.13565770192135174,4.032651753508863
Маркетплейсы,2,0.09912387511849367,0.14833091997729275,4.604240072237883
Маркетплейсы,3,0.10181613577684917,0.1481377918978966,4.368288786690677
Маркетплейсы,4,0.09969475051987842,0.147758217225475,4.479406071335333
Маркетплейсы,5,0.10006669611479252,0.14370082129440187,3.992091059118262
Маркетплейсы,6,0.10148025844281627,0.14409598857137165,3.9470706074654984
Маркетплейсы,7,0.10502791794390767,0.1464579057595841,3.8521797442023997
Маркетплейсы,8,0.11066821799905108,0.1583116696073894,4.506943513129341
Маркетплейсы,9,0.12130588472677944,0.16454875039465855,4.013723214092392
Маркетплейсы,10,0.1346360506862359,0.1753282923540641,3.71469808898644
Маркетплейсы,11,0.16143655590691672,0.19099061336056433,2.630468559815686
Маркетплейсы,12,0.15431847922091968,0.19237792281703753,3.545134057940616
Общественное питание,1,0.02815142810039054,0.024371136122412092,-0.1730591364795954
Общественное питание,2,0.02587360884318895,0.02289257428254346,-0.1343939392830151
Общественное питание,3,0.02637028389436089,0.024232284380389324,-0.0656444541982628
Общественное питание,4,0.02369136931121863,0.023900983468059543,0.12564719080276587
Общественное питание,5,0.02399816066046979,0.025163913709578288,0.16517701634191276
Общественное питание,6,0.02653137664790481,0.028027529187026164,0.20473436928171138
Общественное питание,7,0.02950329869955448,0.03049991321599846,0.1445785396406829
Общественное питание,8,0.029450720584246227,0.030508958797693435,0.161196294361359
Общественное питание,9,0.02666296301297916,0.027767126862923618,0.12443794957937536
Общественное питание,10,0.024708915448382288,0.02650126888092954,0.18290248516714247
Общественное питание,11,0.023037861538391522,0.024239206913747806,0.14737188505025284
Общественное питание,12,0.0199058371119367,0.021115990065313908,0.13630208875073901
Транспорт,1,0.06550143422368498,0.058528409114657634,-0.5233613536766556
Транспорт,2,0.061090226113097224,0.053072343669333985,-0.6141180322698024
Транспорт,3,0.057151969271099834,0.051128848838494015,-0.43098456092532134
Транспорт,4,0.05711784977979871,0.05310797228079596,-0.2813964610892259
Транспорт,5,0.05711451603094751,0.05414867608289249,-0.23890690071050602
Транспорт,6,0.058477105894744585,0.055520078003214915,-0.21330748965700913
Транспорт,7,0.0619724572774069,0.05934000620233146,-0.16586169293162473
Транспорт,8,0.06294407904770802,0.05883256760838882,-0.32843482730210916
Транспорт,9,0.06143654988622484,0.0589327227957321,-0.2315949918690545
Транспорт,10,0.059150259859198306,0.057477973730923136,-0.20757689265276588
Транспорт,11,0.05582241647852597,0.054106932466654295,-0.10929133278493111
Транспорт,12,0.05008744495985948,0.04879872996201404,-0.1269321117053704
Прочие расходы,1,0.30268715236398397,0.26710394294876816,-3.2297299387485974
Прочие расходы,2,0.30657522214458977,0.2722941992254536,-3.0528689671308284
Прочие расходы,3,0.309546713679263,0.27688995070038125,-2.9634622722766997
Прочие расходы,4,0.3006951234294032,0.27611603309115834,-2.1695088695635536
Прочие расходы,5,0.30086254675944235,0.26974153230194403,-2.8116959571020947
Прочие расходы,6,0.29085576964502685,0.27077972125762134,-1.9237545388785804
Прочие расходы,7,0.28865311808226923,0.26295843415995346,-2.2606127889600898
Прочие расходы,8,0.2953806516752096,0.2834524073208896,-0.9836751699387039
Прочие расходы,9,0.2836285839721906,0.27033401069969265,-0.9701857409833148
Прочие расходы,10,0.28252111185955975,0.2685387636409998,-1.0827490154898602
Прочие расходы,11,0.2687096826897689,0.26447542695617277,-0.33073376652791864
Прочие расходы,12,0.27096941577811917,0.2699350786663781,-0.05618102047086487
