neighbors,mutual,metric,graph_weight,ARI_main,edges,components,isolated,largest_component,mean_degree,AVI,AVU,MQ,Q,k,min_cluster,max_cluster,SW,CH,CH_per_node,S_Dbw
10,False,euclidean,0.5,0.8591908208297325,13898,1,0,2016,13.787698412698413,0.9040157281152265,0.5501286460110937,0.017801452261088296,0.6706602362296993,5,106,643,0.22650232878057078,651.902859702508,0.3233645137413234,0.9857238118269087
10,True,euclidean,0.5,0.8204156606739,6262,27,23,1987,6.212301587301587,0.9298611477937204,0.5365104415554359,0.010057279064688337,0.695586982254608,5,117,626,0.22289812789517963,648.0122765719003,0.3214346609979664,0.9000771367806624
10,False,cosine,0.5,0.8157597848861745,13302,1,0,2016,13.196428571428571,0.917071455233668,0.5334834084242133,0.018453503699775865,0.6868817729405117,5,131,637,0.22169108828682302,649.717996126336,0.32228075204679363,0.828917829531822
20,False,euclidean,0.5,0.8848234151320632,27643,1,0,2016,27.42361111111111,0.8853118640634111,0.5228100514135396,0.03370995751982099,0.6507022430433529,5,114,630,0.22534749967092155,645.9773259802594,0.3204252609029064,1.0029346747340715
20,True,euclidean,0.5,0.8593660630523522,12677,10,8,2006,12.57638888888889,0.909031163596539,0.5674383260035183,0.019565779870830288,0.6785023914536051,5,123,626,0.2229031984491235,648.216237265833,0.32153583197709973,0.8870747180887376
20,False,cosine,0.5,0.8180167349023549,26464,1,0,2016,26.253968253968253,0.8963477087491405,0.5540657218915266,0.03727507469350407,0.6664149879963888,5,126,629,0.22121480709980745,645.9355112614525,0.3204045194749268,0.9419305263672624
40,False,euclidean,0.5,0.8367916625389517,55435,1,0,2016,54.995039682539684,0.8545285759068608,0.5150292725956681,0.06504325977281565,0.6216817594935722,5,109,639,0.22382553862575008,645.0695798222181,0.3199749899911796,0.9634664280108526
40,True,euclidean,0.5,0.849558839805344,25205,3,2,2014,25.004960317460316,0.8839032920911754,0.5398701446785508,0.03788795827656257,0.6498155700564836,5,112,641,0.2261881949617251,644.1253535473217,0.3195066237833937,0.9285674343365355
40,False,cosine,0.5,0.8111920401105431,52939,1,0,2016,52.51884920634921,0.8779464583647212,0.5153804241810847,0.07384312252387239,0.6428111388523117,5,125,640,0.2207316135992034,644.557469063728,0.31972096679748413,0.9080878181749611
20,False,euclidean,0.0,0.8320096621386721,27643,1,0,2016,27.42361111111111,0.8562217311816658,0.5546627558856878,0.03081512057971686,0.6320675045708173,5,121,610,0.22910228779659347,668.0910609220194,0.3313943754573509,0.9132626806084422
20,False,euclidean,0.25,0.8746678535805188,27643,1,0,2016,27.42361111111111,0.8842688839599105,0.5215631637182975,0.03383090753785661,0.6493106333196773,5,113,638,0.22584705883506226,649.8453931270939,0.32234394500351876,1.0422941771186571
20,False,euclidean,1.0,0.8841473530037798,27643,1,0,2016,27.42361111111111,0.8854328251897148,0.5221522154182319,0.033851604152832185,0.6505617235624304,5,113,630,0.22534749967092155,644.7101792793668,0.31979671591238434,1.0454219493204193
