method,repeat,ARI
kmeans,0,0.8412346981324241
kmeans,1,0.931096986490584
kmeans,2,0.9572194298102494
kmeans,3,0.9291966705497545
kmeans,4,0.8698947329015773
kmeans,5,0.9706294004534362
kmeans,6,0.9381063660439477
kmeans,7,0.9451074302765052
kmeans,8,0.9182522592851299
kmeans,9,0.7771643028596986
ward,0,0.4733489101868046
ward,1,0.49954815060070573
ward,2,0.35694658573546456
ward,3,0.36670633417956766
ward,4,0.45238290803841863
ward,5,0.4183158989039791
ward,6,0.6103252992067909
ward,7,0.6244940215966359
ward,8,0.5561107412933157
ward,9,0.513306350452676
spectral,0,0.8696584134668582
spectral,1,0.7322398530660366
spectral,2,0.8688850296894519
spectral,3,0.9021807623162803
spectral,4,0.8573103618783119
spectral,5,0.8465968592734711
spectral,6,0.7522866596855512
spectral,7,0.7524864373681583
spectral,8,0.8733135364658442
spectral,9,0.8209484412654213
graph_temporal,0,0.8614135611374167
graph_temporal,1,0.8900265490590211
graph_temporal,2,0.8774993916475844
graph_temporal,3,0.8795352972307157
graph_temporal,4,0.921037981063396
graph_temporal,5,0.8711068095229167
graph_temporal,6,0.8585843848871969
graph_temporal,7,0.8631570924446592
graph_temporal,8,0.8999127394098003
graph_temporal,9,0.7366884893029617
