month,ARI_main,SW,switch_rate
2023-01,1.0,0.22127924638353935,
2023-02,0.8194673569555768,0.2221120082836299,0.2113095238095238
2023-03,0.7416046990841937,0.2258907296174199,0.11904761904761904
2023-04,0.7234138725371158,0.236394536153721,0.1736111111111111
2023-05,0.818359598529302,0.23110331339006004,0.20734126984126985
2023-06,0.719915741837524,0.23018615932754183,0.1974206349206349
2023-07,0.6890810386199179,0.23159206888017095,0.1865079365079365
2023-08,0.7668279160320145,0.23243779045783214,0.1388888888888889
2023-09,0.855169885530243,0.2432591949514307,0.1453373015873016
2023-10,0.7533084550395674,0.24061650616266642,0.16071428571428573
2023-11,0.7458243855119747,0.24565809063643335,0.17708333333333334
2023-12,0.8596004221730897,0.24599558002523583,0.15376984126984128
2024-01,0.6248814065706514,0.22419855778261047,0.2896825396825397
2024-02,0.7337668856601068,0.2479646066064496,0.2088293650793651
2024-03,0.6424347117478227,0.23688498158232665,0.1661706349206349
2024-04,0.7097904994271226,0.23153519895486038,0.2316468253968254
2024-05,0.7214177903804884,0.22982564254337604,0.14136904761904762
2024-06,0.7495974602287699,0.22863115132529088,0.14831349206349206
2024-07,0.7986717972872824,0.22989904982702186,0.12301587301587301
2024-08,0.7786289366178495,0.21804303726807528,0.12648809523809523
2024-09,0.7801136588702806,0.21964408883948058,0.15773809523809523
2024-10,0.9040297368152654,0.23036752444268624,0.1423611111111111
2024-11,0.8647781764536945,0.2304843809786778,0.12351190476190477
2024-12,0.8848234151320632,0.22534749967092155,0.15922619047619047
