month,source,target,count
2023-02,1,1,432
2023-02,1,2,45
2023-02,1,3,23
2023-02,1,4,0
2023-02,1,5,0
2023-02,2,1,12
2023-02,2,2,187
2023-02,2,3,8
2023-02,2,4,59
2023-02,2,5,1
2023-02,3,1,51
2023-02,3,2,25
2023-02,3,3,606
2023-02,3,4,4
2023-02,3,5,1
2023-02,4,1,0
2023-02,4,2,0
2023-02,4,3,46
2023-02,4,4,51
2023-02,4,5,4
2023-02,5,1,0
2023-02,5,2,0
2023-02,5,3,9
2023-02,5,4,17
2023-02,5,5,435
2023-03,1,1,464
2023-03,1,2,23
2023-03,1,3,8
2023-03,1,4,0
2023-03,1,5,0
2023-03,2,1,9
2023-03,2,2,227
2023-03,2,3,11
2023-03,2,4,10
2023-03,2,5,0
2023-03,3,1,42
2023-03,3,2,16
2023-03,3,3,630
2023-03,3,4,2
2023-03,3,5,2
2023-03,4,1,0
2023-03,4,2,0
2023-03,4,3,1
2023-03,4,4,130
2023-03,4,5,0
2023-03,5,1,0
2023-03,5,2,0
2023-03,5,3,10
2023-03,5,4,2
2023-03,5,5,429
2023-04,1,1,461
2023-04,1,2,28
2023-04,1,3,26
2023-04,1,4,0
2023-04,1,5,0
2023-04,2,1,31
2023-04,2,2,220
2023-04,2,3,10
2023-04,2,4,0
2023-04,2,5,5
2023-04,3,1,34
2023-04,3,2,22
2023-04,3,3,599
2023-04,3,4,2
2023-04,3,5,3
2023-04,4,1,0
2023-04,4,2,1
2023-04,4,3,9
2023-04,4,4,134
2023-04,4,5,0
2023-04,5,1,0
2023-04,5,2,0
2023-04,5,3,9
2023-04,5,4,3
2023-04,5,5,419
2023-05,1,1,462
2023-05,1,2,44
2023-05,1,3,20
2023-05,1,4,0
2023-05,1,5,0
2023-05,2,1,7
2023-05,2,2,237
2023-05,2,3,14
2023-05,2,4,0
2023-05,2,5,13
2023-05,3,1,18
2023-05,3,2,38
2023-05,3,3,589
2023-05,3,4,1
2023-05,3,5,7
2023-05,4,1,0
2023-05,4,2,13
2023-05,4,3,3
2023-05,4,4,112
2023-05,4,5,11
2023-05,5,1,0
2023-05,5,2,0
2023-05,5,3,3
2023-05,5,4,0
2023-05,5,5,424
2023-06,1,1,420
2023-06,1,2,20
2023-06,1,3,47
2023-06,1,4,0
2023-06,1,5,0
2023-06,2,1,20
2023-06,2,2,298
2023-06,2,3,13
2023-06,2,4,1
2023-06,2,5,0
2023-06,3,1,17
2023-06,3,2,18
2023-06,3,3,584
2023-06,3,4,0
2023-06,3,5,10
2023-06,4,1,0
2023-06,4,2,5
2023-06,4,3,1
2023-06,4,4,106
2023-06,4,5,1
2023-06,5,1,1
2023-06,5,2,0
2023-06,5,3,5
2023-06,5,4,0
2023-06,5,5,449
2023-07,1,1,397
2023-07,1,2,17
2023-07,1,3,43
2023-07,1,4,0
2023-07,1,5,1
2023-07,2,1,17
2023-07,2,2,262
2023-07,2,3,58
2023-07,2,4,4
2023-07,2,5,0
2023-07,3,1,15
2023-07,3,2,5
2023-07,3,3,616
2023-07,3,4,8
2023-07,3,5,6
2023-07,4,1,0
2023-07,4,2,2
2023-07,4,3,2
2023-07,4,4,103
2023-07,4,5,0
2023-07,5,1,0
2023-07,5,2,0
2023-07,5,3,5
2023-07,5,4,0
2023-07,5,5,455
2023-08,1,1,377
2023-08,1,2,25
2023-08,1,3,26
2023-08,1,4,0
2023-08,1,5,1
2023-08,2,1,9
2023-08,2,2,259
2023-08,2,3,13
2023-08,2,4,5
2023-08,2,5,0
2023-08,3,1,23
2023-08,3,2,19
2023-08,3,3,620
2023-08,3,4,3
2023-08,3,5,59
2023-08,4,1,0
2023-08,4,2,0
2023-08,4,3,0
2023-08,4,4,115
2023-08,4,5,0
2023-08,5,1,0
2023-08,5,2,0
2023-08,5,3,0
2023-08,5,4,0
2023-08,5,5,462
2023-09,1,1,344
2023-09,1,2,37
2023-09,1,3,28
2023-09,1,4,0
2023-09,1,5,0
2023-09,2,1,12
2023-09,2,2,263
2023-09,2,3,18
2023-09,2,4,9
2023-09,2,5,1
2023-09,3,1,25
2023-09,3,2,21
2023-09,3,3,584
2023-09,3,4,6
2023-09,3,5,23
2023-09,4,1,0
2023-09,4,2,0
2023-09,4,3,1
2023-09,4,4,121
2023-09,4,5,1
2023-09,5,1,0
2023-09,5,2,2
2023-09,5,3,3
2023-09,5,4,0
2023-09,5,5,517
2023-10,1,1,325
2023-10,1,2,25
2023-10,1,3,31
2023-10,1,4,0
2023-10,1,5,0
2023-10,2,1,27
2023-10,2,2,274
2023-10,2,3,20
2023-10,2,4,0
2023-10,2,5,2
2023-10,3,1,25
2023-10,3,2,17
2023-10,3,3,590
2023-10,3,4,0
2023-10,3,5,2
2023-10,4,1,0
2023-10,4,2,2
2023-10,4,3,1
2023-10,4,4,130
2023-10,4,5,3
2023-10,5,1,0
2023-10,5,2,0
2023-10,5,3,9
2023-10,5,4,0
2023-10,5,5,533
2023-11,1,1,336
2023-11,1,2,14
2023-11,1,3,27
2023-11,1,4,0
2023-11,1,5,0
2023-11,2,1,31
2023-11,2,2,272
2023-11,2,3,13
2023-11,2,4,2
2023-11,2,5,0
2023-11,3,1,27
2023-11,3,2,31
2023-11,3,3,590
2023-11,3,4,1
2023-11,3,5,2
2023-11,4,1,0
2023-11,4,2,13
2023-11,4,3,5
2023-11,4,4,110
2023-11,4,5,2
2023-11,5,1,0
2023-11,5,2,1
2023-11,5,3,3
2023-11,5,4,0
2023-11,5,5,536
2023-12,1,1,359
2023-12,1,2,10
2023-12,1,3,25
2023-12,1,4,0
2023-12,1,5,0
2023-12,2,1,28
2023-12,2,2,273
2023-12,2,3,21
2023-12,2,4,5
2023-12,2,5,4
2023-12,3,1,21
2023-12,3,2,30
2023-12,3,3,574
2023-12,3,4,3
2023-12,3,5,10
2023-12,4,1,0
2023-12,4,2,7
2023-12,4,3,0
2023-12,4,4,104
2023-12,4,5,2
2023-12,5,1,0
2023-12,5,2,0
2023-12,5,3,1
2023-12,5,4,14
2023-12,5,5,525
2024-01,1,1,364
2024-01,1,2,9
2024-01,1,3,35
2024-01,1,4,0
2024-01,1,5,0
2024-01,2,1,60
2024-01,2,2,216
2024-01,2,3,43
2024-01,2,4,0
2024-01,2,5,1
2024-01,3,1,43
2024-01,3,2,10
2024-01,3,3,561
2024-01,3,4,0
2024-01,3,5,7
2024-01,4,1,0
2024-01,4,2,25
2024-01,4,3,16
2024-01,4,4,63
2024-01,4,5,22
2024-01,5,1,0
2024-01,5,2,14
2024-01,5,3,2
2024-01,5,4,0
2024-01,5,5,525
2024-02,1,1,435
2024-02,1,2,4
2024-02,1,3,28
2024-02,1,4,0
2024-02,1,5,0
2024-02,2,1,25
2024-02,2,2,216
2024-02,2,3,14
2024-02,2,4,17
2024-02,2,5,2
2024-02,3,1,49
2024-02,3,2,6
2024-02,3,3,602
2024-02,3,4,0
2024-02,3,5,0
2024-02,4,1,0
2024-02,4,2,0
2024-02,4,3,1
2024-02,4,4,62
2024-02,4,5,0
2024-02,5,1,0
2024-02,5,2,0
2024-02,5,3,6
2024-02,5,4,1
2024-02,5,5,548
2024-03,1,1,466
2024-03,1,2,7
2024-03,1,3,36
2024-03,1,4,0
2024-03,1,5,0
2024-03,2,1,14
2024-03,2,2,181
2024-03,2,3,21
2024-03,2,4,10
2024-03,2,5,0
2024-03,3,1,40
2024-03,3,2,3
2024-03,3,3,600
2024-03,3,4,2
2024-03,3,5,6
2024-03,4,1,0
2024-03,4,2,0
2024-03,4,3,1
2024-03,4,4,79
2024-03,4,5,0
2024-03,5,1,0
2024-03,5,2,9
2024-03,5,3,3
2024-03,5,4,2
2024-03,5,5,536
2024-04,1,1,444
2024-04,1,2,17
2024-04,1,3,59
2024-04,1,4,0
2024-04,1,5,0
2024-04,2,1,8
2024-04,2,2,184
2024-04,2,3,8
2024-04,2,4,0
2024-04,2,5,0
2024-04,3,1,25
2024-04,3,2,28
2024-04,3,3,606
2024-04,3,4,1
2024-04,3,5,1
2024-04,4,1,0
2024-04,4,2,25
2024-04,4,3,4
2024-04,4,4,64
2024-04,4,5,0
2024-04,5,1,0
2024-04,5,2,133
2024-04,5,3,11
2024-04,5,4,0
2024-04,5,5,398
2024-05,1,1,421
2024-05,1,2,5
2024-05,1,3,51
2024-05,1,4,0
2024-05,1,5,0
2024-05,2,1,32
2024-05,2,2,340
2024-05,2,3,13
2024-05,2,4,2
2024-05,2,5,0
2024-05,3,1,27
2024-05,3,2,26
2024-05,3,3,633
2024-05,3,4,2
2024-05,3,5,0
2024-05,4,1,0
2024-05,4,2,0
2024-05,4,3,11
2024-05,4,4,54
2024-05,4,5,0
2024-05,5,1,0
2024-05,5,2,5
2024-05,5,3,1
2024-05,5,4,1
2024-05,5,5,392
2024-06,1,1,436
2024-06,1,2,1
2024-06,1,3,43
2024-06,1,4,0
2024-06,1,5,0
2024-06,2,1,21
2024-06,2,2,323
2024-06,2,3,17
2024-06,2,4,15
2024-06,2,5,0
2024-06,3,1,76
2024-06,3,2,44
2024-06,3,3,573
2024-06,3,4,16
2024-06,3,5,0
2024-06,4,1,0
2024-06,4,2,0
2024-06,4,3,0
2024-06,4,4,59
2024-06,4,5,0
2024-06,5,1,0
2024-06,5,2,18
2024-06,5,3,0
2024-06,5,4,6
2024-06,5,5,368
2024-07,1,1,493
2024-07,1,2,3
2024-07,1,3,37
2024-07,1,4,0
2024-07,1,5,0
2024-07,2,1,11
2024-07,2,2,366
2024-07,2,3,8
2024-07,2,4,1
2024-07,2,5,0
2024-07,3,1,52
2024-07,3,2,32
2024-07,3,3,548
2024-07,3,4,1
2024-07,3,5,0
2024-07,4,1,0
2024-07,4,2,17
2024-07,4,3,3
2024-07,4,4,74
2024-07,4,5,2
2024-07,5,1,0
2024-07,5,2,24
2024-07,5,3,0
2024-07,5,4,1
2024-07,5,5,343
2024-08,1,1,496
2024-08,1,2,7
2024-08,1,3,53
2024-08,1,4,0
2024-08,1,5,0
2024-08,2,1,7
2024-08,2,2,432
2024-08,2,3,3
2024-08,2,4,0
2024-08,2,5,0
2024-08,3,1,55
2024-08,3,2,24
2024-08,3,3,514
2024-08,3,4,3
2024-08,3,5,0
2024-08,4,1,0
2024-08,4,2,2
2024-08,4,3,0
2024-08,4,4,75
2024-08,4,5,0
2024-08,5,1,0
2024-08,5,2,6
2024-08,5,3,0
2024-08,5,4,1
2024-08,5,5,338
2024-09,1,1,468
2024-09,1,2,5
2024-09,1,3,85
2024-09,1,4,0
2024-09,1,5,0
2024-09,2,1,14
2024-09,2,2,426
2024-09,2,3,8
2024-09,2,4,20
2024-09,2,5,3
2024-09,3,1,42
2024-09,3,2,11
2024-09,3,3,510
2024-09,3,4,7
2024-09,3,5,0
2024-09,4,1,0
2024-09,4,2,0
2024-09,4,3,0
2024-09,4,4,79
2024-09,4,5,0
2024-09,5,1,0
2024-09,5,2,3
2024-09,5,3,0
2024-09,5,4,0
2024-09,5,5,335
2024-10,1,1,470
2024-10,1,2,7
2024-10,1,3,47
2024-10,1,4,0
2024-10,1,5,0
2024-10,2,1,6
2024-10,2,2,434
2024-10,2,3,4
2024-10,2,4,1
2024-10,2,5,0
2024-10,3,1,63
2024-10,3,2,31
2024-10,3,3,506
2024-10,3,4,3
2024-10,3,5,0
2024-10,4,1,0
2024-10,4,2,4
2024-10,4,3,2
2024-10,4,4,100
2024-10,4,5,0
2024-10,5,1,0
2024-10,5,2,1
2024-10,5,3,0
2024-10,5,4,0
2024-10,5,5,337
2024-11,1,1,496
2024-11,1,2,11
2024-11,1,3,32
2024-11,1,4,0
2024-11,1,5,0
2024-11,2,1,7
2024-11,2,2,452
2024-11,2,3,12
2024-11,2,4,2
2024-11,2,5,4
2024-11,3,1,51
2024-11,3,2,4
2024-11,3,3,503
2024-11,3,4,1
2024-11,3,5,0
2024-11,4,1,0
2024-11,4,2,16
2024-11,4,3,4
2024-11,4,4,84
2024-11,4,5,0
2024-11,5,1,0
2024-11,5,2,0
2024-11,5,3,0
2024-11,5,4,7
2024-11,5,5,330
2024-12,1,1,527
2024-12,1,2,7
2024-12,1,3,20
2024-12,1,4,0
2024-12,1,5,0
2024-12,2,1,8
2024-12,2,2,437
2024-12,2,3,23
2024-12,2,4,14
2024-12,2,5,1
2024-12,3,1,70
2024-12,3,2,8
2024-12,3,3,473
2024-12,3,4,0
2024-12,3,5,0
2024-12,4,1,0
2024-12,4,2,2
2024-12,4,3,1
2024-12,4,4,91
2024-12,4,5,0
2024-12,5,1,0
2024-12,5,2,5
2024-12,5,3,0
2024-12,5,4,1
2024-12,5,5,328
